风电场群总出力_MW,集电线路故障率_次百km年,箱变渗漏油次数_次月,风机基础沉降速率_mm月,场区道路承载力_MPa,电缆沟积水深度_mm,集电系统电压不平衡度_%,升压站设备温升_℃,防雷接地电阻_Ω,风机可利用率_%,CRI综合风险指数,风险等级_二分类
314.61,0.69,0.91,2.75,42.76,1.32,0.24,49.92,7.39,99.55,0.3359,0
364.6,1.46,0.01,0.79,46.73,20.82,0.48,57.39,0.59,95.7,0.3317,0
134.67,0.55,1.03,0.72,31.59,2.32,0.95,21.14,1.92,90.6,0.5479,1
69.71,2.59,2.0,0.45,48.78,17.38,0.61,57.5,2.43,94.0,0.7025,1
142.26,0.98,2.0,0.21,30.13,95.41,0.82,49.14,1.76,97.5,0.606,1
97.73,0.78,2.0,1.53,11.74,87.85,1.29,57.27,2.2,93.63,0.7715,1
377.26,0.42,0.0,0.28,40.3,25.27,1.54,62.37,5.36,99.99,0.311,0
355.73,1.14,3.05,1.22,42.44,47.36,0.44,53.12,4.81,97.18,0.2953,0
263.23,1.9,0.99,0.68,45.12,76.73,1.68,36.97,0.77,95.97,0.4856,1
251.73,0.33,1.03,0.8,18.81,123.39,0.26,54.77,7.58,99.99,0.4664,1
58.6,5.46,2.01,1.92,34.25,13.44,0.4,32.97,0.5,92.54,0.9389,0
388.67,2.23,2.05,0.14,18.23,65.86,1.01,47.22,1.26,94.89,0.3401,0
321.1,4.08,2.07,0.33,23.79,5.45,0.35,45.74,0.5,80.53,0.5539,1
482.8,1.07,1.0,0.07,34.49,26.17,0.57,44.21,2.71,99.99,0.0347,0
348.97,0.53,1.0,1.36,15.07,20.31,0.14,24.82,6.87,98.36,0.2808,0
322.98,0.48,0.97,0.68,21.5,41.08,0.55,24.6,2.37,99.99,0.3245,0
252.12,1.61,0.01,2.65,35.87,8.57,0.73,48.27,1.9,99.99,0.5407,1
151.41,0.91,0.05,0.02,46.63,1.16,0.74,40.45,3.06,86.44,0.497,1
351.58,0.7,0.04,0.03,48.36,0.01,0.93,58.38,2.78,95.35,0.305,0
381.09,1.54,0.98,0.29,24.09,31.08,0.15,49.64,2.58,92.71,0.334,0
166.1,2.31,0.0,0.79,40.63,22.62,0.2,15.0,2.06,93.44,0.4355,0
92.99,3.42,2.98,1.08,34.29,18.73,0.66,23.93,3.56,86.86,0.718,1
482.41,3.72,4.09,2.25,14.98,13.1,1.22,45.93,9.84,98.64,0.3907,0
163.3,0.91,0.0,0.59,44.41,56.69,1.14,16.79,3.8,98.98,0.4904,1
176.97,0.6,0.12,1.04,44.05,8.42,0.85,66.01,6.7,89.5,0.5352,1
395.71,0.95,2.0,0.14,21.34,3.19,1.46,62.08,2.89,93.43,0.3888,0
409.07,2.37,1.04,0.26,45.4,3.15,1.02,43.33,2.4,99.11,0.2111,0
294.82,0.67,5.04,0.54,33.2,8.19,1.73,32.71,4.02,96.18,0.3802,0
222.22,1.02,2.02,0.18,38.6,35.37,0.7,64.1,0.77,90.73,0.4838,1
221.74,0.75,0.94,0.45,28.24,4.76,0.28,55.89,5.09,99.99,0.5292,1
178.62,0.69,1.04,0.63,21.05,33.12,1.25,45.74,2.38,85.65,0.7087,1
383.12,0.74,1.93,1.35,41.25,22.62,0.25,59.9,1.39,95.43,0.2542,1
157.54,4.51,0.0,1.44,22.64,24.1,0.51,58.2,2.12,94.91,0.8199,1
246.97,2.34,3.06,0.16,22.46,3.26,1.33,39.52,1.57,83.71,0.5475,1
447.59,0.58,2.04,0.14,48.07,73.5,1.23,66.71,9.28,87.52,0.1976,0
180.18,0.34,1.97,1.23,44.21,11.61,0.8,52.62,1.16,99.59,0.5153,1
403.03,0.17,1.09,0.8,33.3,5.33,0.16,57.26,0.69,99.99,0.2659,0
391.53,1.78,4.06,0.47,49.3,17.51,1.68,62.35,0.83,94.27,0.2577,0
238.0,1.64,2.05,1.69,36.94,38.63,0.73,64.91,3.95,90.82,0.536,1
151.6,1.09,0.06,0.85,23.74,30.09,0.95,42.65,0.65,98.24,0.6609,1
239.04,0.41,0.99,0.06,33.92,45.1,1.81,57.16,1.17,95.32,0.4875,1
78.96,3.05,0.0,1.97,43.77,40.81,0.12,60.14,0.88,87.21,0.8569,1
318.39,1.43,2.04,0.85,39.6,3.92,0.04,69.02,9.32,89.58,0.3549,0
426.8,0.3,1.01,0.23,46.65,58.02,0.99,52.53,3.17,92.84,0.0877,0
451.62,2.78,0.04,1.33,40.62,9.62,1.33,41.86,1.34,89.59,0.3132,0
140.24,1.21,0.0,0.52,42.18,15.87,0.32,46.11,10.02,90.9,0.5763,1
276.08,0.23,1.0,0.31,32.38,24.7,0.71,59.75,9.0,97.9,0.415,0
452.92,2.17,0.07,0.79,66.75,2.45,1.15,43.08,4.5,87.15,0.0925,0
165.16,1.42,2.0,1.05,31.48,18.14,0.49,41.95,4.66,97.4,0.614,0
440.25,0.12,0.96,1.71,30.43,0.51,0.51,57.34,5.76,90.77,0.2249,0
57.42,1.77,3.02,0.3,21.2,32.39,1.24,43.39,2.0,82.43,0.8653,1
298.62,1.11,1.09,0.32,24.85,19.35,0.21,46.49,5.02,98.88,0.331,0
287.56,0.49,0.05,1.53,40.29,34.07,0.47,40.39,10.68,98.21,0.2861,0
465.51,0.84,1.0,2.02,30.19,7.61,1.65,43.47,1.95,96.62,0.2365,0
160.68,0.72,1.95,2.77,72.57,45.91,0.12,33.07,5.33,89.68,0.4588,0
78.81,0.33,2.04,0.02,42.86,18.98,1.64,58.03,4.14,98.8,0.583,1
455.95,1.7,0.0,0.16,26.26,31.87,0.83,37.63,2.3,89.11,0.2244,0
443.32,0.55,1.95,0.28,24.73,5.39,0.74,37.06,4.3,99.44,0.1124,0
123.65,5.49,0.0,1.38,45.35,23.04,0.45,26.12,0.5,98.75,0.7006,1
499.88,1.34,0.94,1.02,39.6,12.51,0.18,42.15,3.68,99.99,0.058,0
206.06,0.95,0.99,0.29,46.4,2.75,1.31,45.47,5.46,91.06,0.5298,1
190.8,1.25,0.99,2.46,23.58,5.44,0.67,66.24,3.54,88.5,0.6848,0
431.2,1.28,0.99,0.65,43.74,5.52,1.48,44.7,1.64,83.27,0.2903,0
446.1,0.74,2.0,0.77,20.17,8.21,0.76,52.4,2.5,93.96,0.2947,0
354.45,1.83,2.01,0.96,16.1,7.36,1.24,64.29,2.08,90.42,0.5064,1
74.15,1.34,1.05,0.61,16.41,31.38,1.74,26.62,2.09,88.64,0.8072,1
301.65,0.28,0.0,3.11,47.41,40.17,0.54,66.04,2.33,91.44,0.4396,0
362.53,0.53,1.03,0.25,35.42,11.49,0.65,26.14,1.37,90.87,0.157,0
420.89,0.1,0.97,1.81,39.05,11.2,1.23,53.67,3.39,91.28,0.2361,1
190.14,0.47,2.06,0.31,10.11,1.18,1.95,40.61,0.62,99.99,0.54,1
277.35,1.9,1.09,2.84,37.71,0.51,0.83,59.12,2.68,90.43,0.5811,1
432.05,1.02,2.07,0.14,47.14,9.8,1.05,42.4,0.84,95.78,0.0972,0
182.08,1.9,0.0,0.48,35.47,10.43,0.52,48.15,4.97,96.28,0.5142,1
354.7,1.28,0.98,0.34,46.92,48.48,1.28,22.16,4.23,95.02,0.2605,1
239.41,1.06,3.08,2.04,29.11,4.48,0.26,76.74,6.16,99.72,0.562,1
356.77,0.78,0.95,0.19,26.4,11.01,0.51,68.37,13.25,99.99,0.29,0
149.55,3.24,0.0,0.63,54.66,60.94,0.03,53.73,1.38,98.74,0.5426,1
297.05,0.97,0.97,0.12,30.03,56.55,0.48,60.98,3.48,91.85,0.3789,0
431.98,1.58,0.97,1.24,25.39,11.95,0.06,44.75,5.11,97.4,0.2354,1
381.46,1.5,1.03,3.29,33.79,15.86,0.19,48.17,3.7,94.7,0.3555,0
274.83,2.63,0.0,4.5,43.44,4.26,0.23,22.4,2.24,88.34,0.5911,0
220.85,0.62,2.07,2.4,38.75,13.14,0.82,44.11,0.84,99.99,0.4804,1
404.38,0.68,0.0,0.02,20.97,34.14,1.15,49.57,3.36,92.72,0.2403,0
125.99,2.77,0.99,0.02,37.47,47.03,0.92,86.1,4.01,89.35,0.8273,1
313.86,2.06,2.01,0.47,35.37,55.71,0.59,26.13,3.3,99.99,0.2929,0
244.04,4.53,0.95,0.08,25.14,77.82,0.91,35.56,5.8,91.52,0.6317,1
77.86,1.49,0.95,0.92,33.73,28.79,2.0,39.5,5.7,95.46,0.7086,1
180.25,0.75,0.0,0.04,43.62,27.67,0.57,65.44,3.37,92.55,0.5491,1
380.37,1.14,0.06,0.49,28.14,54.91,1.07,31.46,1.43,86.11,0.3324,0
179.89,4.85,1.93,0.54,50.04,52.33,2.54,23.22,8.14,94.44,0.6308,1
225.68,0.38,3.01,1.13,34.16,10.66,1.7,58.93,2.84,91.51,0.5042,1
336.03,1.05,0.05,2.79,34.88,2.2,0.81,45.81,5.13,88.29,0.3874,0
424.02,2.01,0.98,0.68,31.93,67.38,1.97,38.9,3.4,94.43,0.3105,0
193.74,1.23,0.07,1.69,45.22,4.52,0.48,63.14,3.23,99.99,0.5974,1
121.65,1.25,0.0,0.37,40.32,44.63,1.57,31.48,0.67,87.14,0.5989,1
370.25,0.53,1.02,0.95,16.28,16.64,0.89,43.73,2.88,85.95,0.4403,0
442.72,1.84,0.04,0.33,33.26,34.91,0.2,39.87,1.71,95.74,0.1966,0
316.92,1.67,4.01,0.22,25.75,14.7,1.15,42.73,3.69,94.38,0.4159,0
362.62,0.13,0.03,1.78,25.91,126.52,0.16,34.07,5.42,99.99,0.2247,0
127.95,1.48,1.98,4.92,42.15,16.87,2.53,18.7,4.11,99.99,0.882,1
289.28,0.99,1.0,3.96,39.53,86.96,2.31,21.45,1.45,86.84,0.5744,1
441.93,1.43,0.0,0.72,48.07,4.38,1.31,68.59,1.93,99.76,0.2233,0
428.49,0.56,0.0,1.43,32.33,62.96,2.01,29.54,2.25,89.9,0.2748,0
487.42,1.2,1.02,2.77,23.17,10.96,0.34,31.59,1.03,92.7,0.2052,0
402.02,0.71,0.0,1.24,44.07,44.09,1.29,27.61,2.51,96.29,0.1545,0
138.66,2.01,0.0,1.38,51.81,51.22,0.69,40.4,3.12,91.06,0.5172,1
324.78,2.9,0.0,0.82,31.43,8.96,0.16,45.11,2.97,90.79,0.4025,0
265.48,0.1,0.0,2.02,40.84,65.2,0.04,55.02,1.66,92.18,0.4427,0
327.49,0.4,0.99,0.14,13.41,114.95,2.08,78.0,1.72,87.43,0.5377,1
112.97,0.47,1.1,0.43,30.52,44.49,1.88,60.94,1.53,96.88,0.6842,0
235.06,0.49,0.96,4.85,27.12,12.34,2.27,38.68,4.72,94.89,0.6775,1
399.93,0.16,0.0,0.68,51.7,61.86,0.44,33.5,4.58,95.48,0.0684,0
472.88,4.61,0.04,0.54,24.28,0.84,2.17,42.59,3.15,96.78,0.3174,0
97.06,1.8,0.04,0.84,26.24,38.52,0.17,63.81,5.18,96.5,0.7252,1
472.32,1.86,0.02,0.49,42.19,7.52,1.85,57.5,2.62,92.05,0.266,0
408.82,2.3,0.98,0.81,45.7,22.1,0.34,82.68,2.93,89.92,0.3673,0
198.86,5.44,0.97,0.87,25.26,48.87,0.62,41.67,1.73,96.12,0.7722,0
190.3,0.32,0.94,1.21,26.22,47.93,1.69,36.75,4.86,92.64,0.6868,1
180.57,2.91,1.01,0.42,29.89,33.62,0.15,35.7,3.9,98.1,0.478,1
128.25,2.68,1.03,0.31,27.25,11.71,1.83,44.55,7.97,97.66,0.6999,1
446.52,2.87,1.02,0.35,41.18,10.36,0.92,51.93,2.83,90.77,0.3075,0
419.03,1.88,1.04,0.05,41.65,76.4,0.76,46.25,5.91,95.21,0.1937,0
381.5,2.69,2.98,0.99,46.5,27.52,1.91,51.34,6.0,95.69,0.3321,0
431.14,0.47,0.0,2.01,28.34,9.73,0.44,54.27,4.64,98.48,0.2334,0
324.1,1.22,0.99,2.97,33.8,37.05,0.56,34.16,1.01,89.22,0.5052,1
204.9,1.61,0.96,1.15,42.79,51.0,0.88,64.0,3.12,94.05,0.53,1
153.35,2.69,0.06,1.84,28.71,19.63,0.28,53.35,0.55,95.75,0.67,1
475.08,5.03,1.9,0.46,34.09,13.25,0.68,55.99,9.98,95.7,0.2146,0
181.28,1.97,1.94,0.07,34.42,0.73,0.49,63.34,3.32,93.23,0.6149,1
234.52,1.68,5.05,1.17,36.54,36.09,0.37,54.3,5.84,86.4,0.5617,1
201.95,1.87,1.04,0.18,48.49,6.29,1.11,51.78,3.77,99.99,0.522,1
477.2,0.1,2.09,0.37,31.78,0.17,1.36,53.14,5.75,97.6,0.1351,0
153.92,0.36,0.0,1.06,47.31,10.14,0.17,39.7,8.21,94.38,0.4547,0
126.26,3.93,0.0,2.97,56.59,0.96,0.09,72.24,0.5,92.89,0.7921,1
270.9,0.53,0.0,0.37,25.01,72.5,1.45,32.89,2.05,95.99,0.3834,0
457.14,5.3,3.94,0.7,17.75,6.97,0.42,62.75,1.88,90.96,0.4973,1
447.8,1.72,1.05,0.7,27.54,40.46,0.33,49.74,1.95,94.32,0.2802,0
137.71,0.1,0.93,0.5,52.57,6.51,0.5,43.07,2.07,92.48,0.4828,1
284.1,2.26,2.01,1.0,49.24,23.16,0.29,60.94,3.62,92.54,0.3182,0
128.7,3.01,2.93,1.38,28.95,8.97,0.74,48.19,2.47,89.13,0.8226,1
454.8,1.68,2.98,1.3,31.48,16.56,0.29,53.47,3.59,92.72,0.2619,0
220.19,1.88,0.94,0.36,39.18,1.03,1.13,43.51,1.53,91.29,0.519,0
366.3,0.55,3.98,1.0,25.21,8.09,0.4,53.92,1.27,94.3,0.3361,0
280.29,1.12,2.02,0.94,32.72,32.01,2.07,33.97,2.4,93.63,0.4318,0
335.68,2.29,1.05,1.98,39.93,59.46,0.38,69.06,5.95,94.81,0.443,0
470.3,1.74,0.96,3.55,34.14,45.6,0.71,25.36,1.13,94.84,0.2649,0
144.72,4.41,0.0,2.9,33.83,24.55,0.7,38.47,3.02,83.4,0.8898,1
201.29,0.4,1.04,1.07,32.65,14.26,0.82,63.78,6.57,96.46,0.5686,1
346.76,1.46,0.88,0.33,27.03,6.04,0.42,37.6,1.26,92.34,0.3301,0
236.57,1.9,0.0,0.58,28.64,18.65,0.5,55.24,2.17,91.3,0.5772,1
164.89,3.07,1.02,2.63,24.1,19.82,0.43,21.61,3.96,90.06,0.6846,1
444.02,3.59,0.96,1.04,35.16,10.9,0.22,15.0,1.48,95.46,0.1854,0
230.81,3.12,0.01,1.35,36.88,21.92,0.63,53.77,2.84,93.4,0.5387,1
302.62,4.85,1.02,0.12,41.38,76.1,0.86,28.94,2.18,95.52,0.4634,1
127.26,1.64,0.02,1.5,40.7,44.18,0.11,36.82,5.22,89.61,0.5526,1
53.95,1.82,0.04,0.8,37.26,4.46,0.63,28.8,3.07,96.61,0.6236,1
233.95,2.62,2.02,0.06,44.01,30.16,1.74,46.21,4.39,88.05,0.5368,1
96.56,0.75,1.05,0.78,23.18,19.91,1.85,37.96,5.12,96.74,0.7376,1
286.27,0.45,0.02,1.85,35.21,39.58,0.21,15.58,2.02,99.86,0.3028,0
256.94,2.07,0.0,0.94,41.35,54.49,0.85,66.96,3.42,91.03,0.5867,1
235.19,0.84,3.14,0.55,35.5,4.36,0.57,29.16,1.19,90.33,0.4435,0
391.09,6.1,2.08,0.47,34.97,5.17,0.88,55.74,4.21,89.77,0.5368,1
58.0,2.11,1.06,0.88,32.35,8.59,0.46,55.95,7.87,94.19,0.8252,1
325.79,1.14,0.0,0.75,30.02,5.59,1.17,56.45,5.5,94.9,0.4278,0
343.01,2.48,1.02,0.34,46.73,14.55,0.79,64.04,4.76,94.78,0.3191,0
374.93,0.95,4.92,2.8,42.29,20.12,1.15,40.04,2.84,90.32,0.4157,0
308.11,5.0,0.0,1.48,27.69,3.48,0.99,43.95,1.53,92.8,0.5443,1
498.59,5.68,2.92,1.54,36.91,157.63,0.03,42.0,9.93,95.39,0.2484,0
324.52,0.11,0.05,0.74,35.97,4.23,0.38,34.11,0.81,88.91,0.2871,0
276.06,1.2,2.01,2.38,49.22,2.94,3.97,41.93,2.61,95.58,0.5615,1
209.22,5.05,0.06,0.27,18.65,28.25,0.97,31.55,3.01,95.74,0.6183,1
114.53,1.22,1.94,0.32,33.83,84.35,0.61,53.26,0.5,94.54,0.5831,1
393.52,2.53,1.04,3.06,42.21,2.65,0.65,15.0,3.68,99.92,0.2482,0
439.96,3.6,0.0,0.63,45.77,62.31,0.32,73.75,0.72,93.82,0.2894,0
260.07,0.29,0.91,0.01,53.62,8.11,2.1,73.26,4.23,93.44,0.384,0
473.94,0.34,2.03,0.29,27.98,85.99,1.11,45.08,1.12,95.24,0.1308,0
362.39,0.89,1.05,3.45,27.62,26.75,0.41,48.09,2.45,91.18,0.3529,0
374.53,1.79,1.08,0.38,56.57,28.59,0.16,33.93,0.5,87.48,0.1972,0
321.57,3.8,1.04,0.87,48.89,13.46,0.97,36.49,0.5,91.91,0.4618,1
444.24,1.75,2.05,1.63,29.7,6.08,0.79,47.74,4.39,97.72,0.2625,0
446.66,1.02,1.07,1.29,45.95,17.72,1.44,64.79,6.9,88.65,0.2673,0
461.22,1.78,1.01,0.37,21.33,7.87,1.46,61.44,0.5,95.66,0.2378,0
68.53,1.23,1.07,1.26,39.04,4.87,0.96,77.28,1.55,99.41,0.7554,1
410.35,1.31,2.04,0.6,28.75,29.35,0.6,25.59,0.96,99.99,0.2119,0
496.04,1.01,0.95,1.18,43.39,19.19,0.84,30.85,0.61,90.43,0.0936,0
106.88,0.1,0.0,2.4,18.62,8.82,2.36,68.52,2.08,95.49,0.9193,1
114.36,0.94,2.0,0.63,18.99,2.66,5.0,25.41,1.15,99.99,0.8214,1
80.07,1.49,2.07,0.5,33.02,4.12,0.13,52.38,2.91,92.05,0.6946,1
203.24,1.59,2.99,1.79,33.32,14.34,0.12,30.69,3.18,96.5,0.5553,0
408.34,0.54,2.04,1.81,42.31,14.16,0.35,15.0,2.1,95.65,0.1146,0
304.92,2.49,1.05,1.23,39.25,35.11,0.04,68.09,10.66,83.25,0.5289,1
383.53,4.54,0.0,0.24,28.69,56.5,1.79,56.03,1.83,96.66,0.4559,0
165.76,2.22,2.01,0.92,34.21,13.84,0.17,42.94,3.66,95.9,0.5898,1
324.31,0.22,0.98,0.27,39.68,7.34,1.18,47.1,2.74,92.63,0.3289,0
472.75,1.29,2.07,0.28,33.6,18.17,0.25,52.21,7.61,93.9,0.1465,0
382.85,2.06,0.01,0.74,30.95,59.22,0.65,41.86,1.59,96.92,0.3081,0
214.08,2.05,0.1,0.77,20.22,0.68,0.13,46.62,3.55,89.32,0.5449,1
206.92,3.24,1.06,0.4,32.78,41.25,0.17,24.52,2.97,88.46,0.5681,1
110.09,2.73,1.0,1.3,33.77,47.02,1.9,52.0,4.42,92.32,0.7284,1
429.56,1.45,3.03,0.02,23.89,15.24,0.15,49.41,1.89,92.81,0.1518,0
242.43,2.97,0.98,1.54,33.41,105.98,1.41,26.55,4.25,92.85,0.5408,1
401.66,4.54,1.08,2.29,40.29,25.78,0.29,55.91,0.84,95.39,0.415,1
135.38,0.57,1.02,0.7,43.83,6.42,0.56,25.04,1.25,95.87,0.4502,0
51.7,1.91,1.94,0.58,11.36,39.1,1.6,66.54,1.99,93.32,0.9756,1
446.12,2.18,1.97,0.81,40.28,46.47,0.57,54.5,3.41,96.51,0.2701,0
446.21,0.74,0.0,0.47,30.78,4.19,1.52,75.6,3.31,91.96,0.1803,0
311.96,1.09,2.03,0.97,17.13,113.62,0.45,43.0,1.65,93.59,0.3748,0
95.06,7.99,0.0,0.05,47.83,10.04,0.38,60.79,3.14,92.39,0.7905,1
280.51,0.83,2.97,0.15,21.12,5.76,0.9,54.41,1.82,86.06,0.5128,0
269.87,0.41,0.08,0.28,29.98,43.76,1.59,50.9,3.62,95.53,0.451,0
270.76,0.93,1.06,0.69,19.98,27.42,1.22,59.46,3.88,89.67,0.587,1
389.73,1.9,0.0,1.43,35.96,6.14,2.84,46.48,0.99,91.76,0.3595,0
465.35,0.55,1.93,0.25,40.6,28.56,0.11,70.29,2.1,94.5,0.0827,0
199.87,1.7,1.94,1.17,51.95,4.13,0.35,24.89,1.61,95.82,0.4669,1
327.39,0.23,0.06,0.39,32.06,122.52,0.99,30.94,1.47,90.73,0.3049,0
498.38,1.2,4.91,1.21,31.57,7.59,0.95,41.98,4.99,96.24,0.1485,0
403.02,0.48,0.94,2.63,20.07,22.12,0.28,65.48,0.74,93.66,0.3729,0
440.05,0.27,0.01,0.16,41.22,3.32,0.16,33.8,2.16,91.41,0.1257,0
475.93,2.48,1.09,0.63,35.61,24.39,0.39,35.8,4.8,98.41,0.0804,0
246.19,1.11,0.0,1.32,27.84,35.28,0.32,51.19,6.31,94.69,0.5002,0
93.15,2.85,3.04,0.42,29.1,52.41,0.03,29.87,3.37,99.96,0.6311,0
387.65,0.89,2.07,1.06,32.46,67.94,0.28,63.86,5.76,98.82,0.303,0
411.72,2.52,3.06,0.48,27.39,79.36,0.77,48.12,4.65,91.34,0.3337,0
201.96,2.66,1.99,1.33,22.16,23.81,0.62,39.2,2.19,84.75,0.6935,1
121.99,1.05,1.94,0.47,22.12,8.04,0.35,75.34,2.49,87.52,0.702,1
439.2,1.12,0.09,0.58,45.78,10.65,0.07,46.67,3.57,94.04,0.0822,0
181.46,4.45,0.0,2.56,28.99,32.01,0.67,41.21,1.27,94.62,0.6899,1
118.51,1.4,2.03,1.45,32.29,43.87,0.87,52.09,8.7,92.25,0.7587,1
100.0,0.55,2.03,0.27,34.49,24.35,0.1,38.64,3.74,94.28,0.5685,1
141.79,0.16,0.92,0.78,47.59,57.61,1.14,33.19,5.78,88.11,0.5351,1
370.1,2.11,3.04,0.9,34.98,35.6,1.62,33.31,2.07,95.1,0.3785,0
470.22,2.97,0.0,1.07,42.64,15.51,2.01,29.51,13.88,94.54,0.2047,0
68.11,5.65,0.0,2.44,49.55,4.79,0.1,49.24,0.9,89.36,0.909,1
197.92,3.98,0.97,0.51,32.43,33.55,0.97,75.3,0.91,94.84,0.6518,1
442.67,2.54,3.08,0.28,37.56,6.19,1.03,34.12,4.08,91.58,0.1975,0
245.51,0.92,2.07,0.43,30.13,7.19,0.7,46.02,1.84,92.66,0.4776,1
370.73,0.68,0.99,1.15,33.78,92.74,1.32,50.18,1.16,93.63,0.297,0
270.42,0.52,0.07,0.85,47.07,15.32,0.55,33.5,3.58,89.19,0.3803,0
188.59,0.38,1.04,0.8,35.94,8.75,1.05,46.59,8.64,94.43,0.5555,1
369.27,4.12,1.02,0.2,30.25,29.41,0.5,39.77,7.51,93.92,0.3847,0
321.24,2.95,0.07,1.6,36.23,10.63,0.77,27.64,7.3,92.11,0.4414,0
253.28,2.54,2.02,0.94,22.94,4.8,0.62,52.04,1.02,93.61,0.6145,1
231.48,1.18,2.06,0.42,25.58,62.72,0.85,50.48,2.74,92.87,0.5676,1
255.52,1.08,0.04,0.67,32.35,2.35,0.49,37.89,0.5,88.91,0.3578,0
324.73,2.0,0.0,0.36,41.13,27.26,0.14,34.74,4.21,95.48,0.3073,0
300.29,1.15,3.0,0.57,48.07,69.8,0.51,31.68,1.23,97.14,0.3227,0
474.0,0.1,1.89,0.22,29.78,117.81,0.53,72.66,2.62,98.72,0.1168,0
386.66,1.4,1.93,0.96,32.0,6.52,0.49,49.54,3.79,95.02,0.3238,0
439.02,0.49,3.05,0.31,48.22,14.44,0.66,44.28,0.77,98.46,0.1565,0
135.53,0.99,0.0,0.55,45.24,3.93,0.1,56.94,1.45,91.98,0.5621,1
62.55,3.39,1.99,0.21,43.1,31.14,0.7,46.55,4.38,97.38,0.717,1
94.55,0.79,1.11,0.63,36.36,118.83,1.53,44.17,2.57,95.72,0.7068,1
429.22,0.94,0.0,0.23,55.35,34.56,2.36,64.13,5.06,92.3,0.2626,0
209.04,6.66,0.11,0.28,25.3,25.03,1.63,29.48,7.1,95.79,0.7195,1
265.07,4.27,2.0,1.46,11.05,15.36,0.3,28.38,0.5,89.39,0.6012,1
278.25,0.68,2.95,0.49,23.15,4.59,0.01,39.78,2.28,95.51,0.3538,0
128.77,1.49,2.03,0.61,36.84,16.32,0.32,36.09,1.71,96.63,0.5286,1
351.18,3.66,0.0,1.2,34.91,6.69,0.55,78.15,1.51,97.05,0.5079,1
192.0,0.56,0.07,4.52,23.8,1.79,0.69,39.51,3.78,92.49,0.7693,1
349.38,0.18,0.98,0.04,41.61,15.91,1.17,45.02,9.24,92.02,0.2547,0
161.07,3.19,0.0,1.53,41.5,48.93,0.22,15.0,5.26,90.75,0.5929,1
461.06,3.36,0.05,0.14,45.41,18.09,0.14,39.75,1.96,87.09,0.2586,0
165.76,1.32,2.08,1.58,33.66,32.49,1.79,40.27,3.32,99.95,0.6572,1
218.76,1.65,2.02,2.02,20.75,6.13,1.26,27.28,4.38,96.43,0.6202,1
230.78,0.36,1.96,0.82,18.28,14.86,1.54,32.96,2.18,97.28,0.384,0
149.22,0.36,0.93,1.59,15.38,40.34,0.21,49.76,4.48,95.8,0.7122,1
354.78,0.32,1.12,0.12,40.94,17.18,1.26,56.07,3.82,91.78,0.2947,0
247.25,0.45,0.99,2.13,24.98,26.7,0.63,71.58,3.42,92.23,0.5239,1
470.14,0.18,2.94,2.5,40.5,0.27,1.57,35.74,1.93,90.14,0.23,0
224.6,0.59,1.03,1.13,14.72,29.96,0.51,56.08,4.13,92.89,0.5818,1
180.69,0.22,0.0,0.76,37.11,8.5,0.29,71.45,2.76,90.74,0.5887,1
176.05,0.63,2.0,0.95,47.1,14.62,0.52,44.93,1.96,96.37,0.4456,0
347.1,1.72,0.0,1.4,51.76,10.53,1.77,34.08,4.13,90.95,0.3797,0
100.37,2.63,4.0,1.97,35.3,16.95,0.59,64.26,0.5,91.07,0.9112,1
123.64,3.8,1.07,1.56,28.23,83.32,0.29,59.81,4.08,92.33,0.7889,1
185.7,4.38,1.02,0.56,21.2,14.02,0.57,67.33,2.61,95.18,0.7198,1
181.17,1.13,1.01,0.59,35.11,28.26,5.0,48.43,2.2,95.14,0.6681,1
60.6,0.55,0.0,0.26,30.86,58.98,1.22,30.52,5.27,90.26,0.6169,1
103.58,5.71,1.08,0.19,37.24,26.37,0.79,57.8,2.03,97.9,0.8282,0
367.88,0.75,0.0,1.44,35.6,17.31,1.97,44.25,3.59,86.69,0.4677,1
157.45,2.34,1.03,1.19,48.31,3.88,0.73,56.77,3.0,98.53,0.5047,1
220.4,0.49,0.99,1.79,35.22,71.68,0.51,34.08,2.43,87.7,0.5076,1
130.89,0.52,0.07,0.38,39.4,11.06,0.75,45.2,4.89,96.42,0.5618,1
168.84,4.95,2.0,1.76,20.8,33.78,1.06,30.56,1.67,95.78,0.7736,1
326.29,1.33,0.98,1.29,15.48,18.45,2.53,61.79,4.57,92.59,0.6264,1
111.05,5.9,2.04,0.64,41.39,3.01,2.43,27.94,3.39,91.16,0.9046,1
397.61,2.02,0.99,0.58,29.34,24.83,0.43,34.04,6.14,88.33,0.2984,0
99.53,4.39,0.01,3.71,40.99,58.84,0.47,24.13,1.32,92.53,0.9145,1
348.32,2.96,0.0,0.2,30.13,0.24,0.58,51.03,1.71,92.29,0.3649,0
365.09,0.18,0.01,2.23,14.84,11.17,1.52,20.09,1.47,88.22,0.4441,0
281.17,1.73,0.0,0.02,31.19,4.99,1.01,50.15,2.13,98.38,0.4445,0
176.47,1.33,0.12,0.23,28.23,18.7,0.92,57.02,4.35,99.99,0.597,1
236.84,6.8,0.0,3.69,36.66,16.06,0.2,40.15,3.52,92.4,0.8747,1
86.68,1.64,0.11,0.52,42.34,4.97,0.12,15.0,5.01,90.58,0.5474,1
327.95,0.1,1.02,0.11,54.31,19.43,0.67,40.44,1.9,93.36,0.2506,0
438.82,0.32,1.92,0.1,46.05,7.38,0.92,41.09,3.55,93.82,0.0666,0
67.39,0.51,0.0,0.43,36.15,5.46,0.25,15.0,4.91,91.56,0.5562,1
389.03,1.66,1.0,0.74,41.53,15.66,1.32,70.53,6.59,99.94,0.3958,1
485.83,0.12,3.97,1.91,27.55,6.38,2.71,45.18,5.59,99.6,0.2239,0
406.48,1.9,0.99,0.07,44.35,7.25,0.23,32.76,1.81,91.81,0.1917,0
108.19,2.36,0.96,0.52,25.72,35.39,0.63,45.95,2.0,81.44,0.7759,0
129.13,0.77,2.01,2.16,43.54,35.28,0.34,50.61,5.25,92.85,0.607,1
143.56,1.88,0.0,0.45,41.98,9.02,0.82,26.43,5.49,98.51,0.5592,1
275.51,0.55,0.0,0.32,37.31,19.21,0.46,43.59,2.67,91.0,0.3712,1
435.83,2.95,2.11,0.45,34.53,7.87,1.23,29.3,9.87,93.16,0.2045,0
253.34,0.86,1.95,4.16,36.87,9.91,0.65,63.14,2.74,99.99,0.6239,1
80.57,1.76,0.96,1.09,48.97,3.9,0.28,39.88,3.51,93.75,0.7183,1
408.7,1.01,3.0,0.18,44.49,65.15,1.26,50.34,1.93,87.3,0.188,0
273.61,0.93,1.93,0.32,21.62,20.35,0.03,55.3,0.9,87.44,0.4483,0
81.59,3.23,2.1,0.83,47.34,14.56,1.81,50.37,3.77,93.2,0.7693,0
327.4,0.74,1.02,0.19,29.86,26.8,0.32,55.38,2.23,88.63,0.4009,0
306.34,2.54,0.0,1.92,39.06,4.22,0.44,46.16,1.83,92.34,0.5249,1
262.6,3.68,1.02,1.7,53.46,17.62,0.37,65.48,6.73,86.34,0.6039,1
205.68,0.36,1.9,0.77,32.94,5.24,0.12,37.88,1.37,91.78,0.5109,1
183.58,1.72,3.03,0.69,44.08,17.66,0.66,44.57,10.07,90.91,0.5349,1
147.35,1.99,1.0,0.04,30.85,0.44,0.4,15.0,4.25,91.43,0.5831,0
277.06,4.5,1.0,2.34,32.73,4.74,0.43,77.56,2.15,89.66,0.7021,1
423.01,1.69,2.02,0.72,42.64,65.25,1.71,43.01,13.09,93.4,0.2565,0
93.87,0.1,1.98,0.25,49.07,60.93,1.01,71.93,4.68,97.25,0.5961,1
414.62,0.1,2.04,0.01,27.31,0.11,0.34,50.95,11.21,96.48,0.1818,0
95.17,0.95,1.96,0.43,45.54,25.96,0.52,64.26,2.65,93.02,0.6217,1
259.04,0.93,2.03,1.02,40.51,25.28,0.99,47.4,0.84,96.51,0.4818,0
92.66,1.46,3.02,0.59,44.92,7.95,2.34,66.44,4.68,97.66,0.7798,1
449.26,0.15,1.03,0.18,30.47,7.17,0.86,43.0,3.95,94.86,0.085,1
415.81,7.62,1.08,2.75,49.53,22.5,0.35,47.96,3.59,94.7,0.5391,1
451.73,2.09,1.09,2.71,21.62,20.18,0.9,64.14,0.68,96.62,0.4236,0
150.18,1.17,3.07,1.82,23.4,48.61,0.11,57.34,1.59,97.41,0.632,1
55.65,5.85,1.01,1.11,30.0,2.02,0.29,38.98,5.56,83.74,0.9338,0
212.81,1.44,0.0,0.31,26.51,39.87,0.22,60.49,3.46,88.58,0.5713,1
396.83,2.71,1.96,0.46,34.48,14.08,1.11,36.48,2.27,91.18,0.33,1
450.9,0.33,2.97,1.89,34.85,27.64,0.01,27.92,3.24,93.97,0.107,0
154.98,0.35,1.05,0.72,25.57,15.69,2.01,49.62,7.69,93.32,0.6529,1
364.18,1.43,0.0,0.7,29.32,30.75,1.41,32.52,3.0,98.77,0.2968,0
78.96,0.21,0.05,0.93,18.19,37.09,1.14,51.69,4.02,89.54,0.7227,1
109.77,0.55,0.0,2.25,29.04,43.92,5.0,52.46,7.19,96.78,0.9848,1
129.34,1.0,4.01,0.17,22.11,12.08,0.96,70.71,8.77,91.82,0.7148,1
245.47,0.69,0.98,0.39,39.84,10.13,0.4,17.11,0.5,91.35,0.3022,0
130.42,1.77,0.09,1.29,32.99,1.06,1.48,56.53,1.43,96.52,0.7245,1
266.34,0.23,1.96,0.91,32.74,1.58,0.27,54.55,1.95,93.77,0.3972,0
323.87,0.48,0.05,0.51,17.35,0.45,1.69,37.99,12.94,93.58,0.4207,0
433.82,0.28,2.93,0.05,59.52,12.51,3.69,30.87,3.35,89.93,0.128,0
50.02,1.74,1.01,1.8,36.41,40.49,0.42,35.26,2.31,93.29,0.7166,1
337.18,1.04,3.07,0.82,42.64,12.8,1.2,33.93,4.2,96.84,0.344,0
74.57,2.04,0.0,0.67,44.76,51.85,0.08,65.87,5.57,93.21,0.6896,1
98.77,1.71,1.96,0.18,53.53,10.85,0.8,34.11,8.3,84.86,0.622,1
286.13,2.92,2.02,1.59,24.99,33.51,0.36,22.33,6.54,99.99,0.4574,0
142.42,1.81,1.99,1.76,40.47,20.58,1.07,44.54,2.63,94.31,0.6868,1
165.64,3.14,0.02,2.19,32.77,9.29,0.24,27.64,3.76,91.69,0.6863,1
149.41,4.53,1.96,2.22,33.29,22.22,0.98,45.86,4.43,98.0,0.8453,1
269.53,0.1,0.96,4.0,46.35,36.68,0.77,49.17,7.77,97.39,0.5582,1
112.06,3.21,0.0,1.36,35.56,0.6,0.69,22.98,4.69,92.92,0.6323,1
406.03,0.3,0.0,2.14,34.22,14.07,0.65,50.59,2.99,88.88,0.2733,0
74.73,2.95,0.05,0.25,46.95,16.67,2.77,63.15,0.93,99.99,0.7382,1
373.81,1.33,2.0,0.72,34.74,34.24,0.16,59.02,8.34,99.99,0.2319,0
132.25,0.89,1.97,0.56,21.83,8.28,1.6,58.64,1.77,85.02,0.7716,1
278.73,0.1,0.0,2.7,28.6,27.61,1.77,44.58,4.73,89.72,0.5498,1
331.1,0.46,3.09,0.25,23.92,31.46,0.34,52.09,5.82,95.46,0.3006,0
453.61,0.27,2.06,0.71,44.78,36.24,0.49,38.81,2.51,94.23,0.0687,0
185.78,1.64,2.04,0.36,41.68,28.78,2.52,34.14,5.04,91.01,0.6272,1
165.44,0.7,1.98,0.83,8.25,12.55,0.63,52.11,1.76,92.21,0.7358,1
334.27,3.88,2.05,0.46,45.7,8.89,0.71,56.47,2.22,91.89,0.4232,1
498.45,0.88,2.09,0.59,32.01,16.37,0.69,55.83,3.4,96.63,0.1213,0
450.81,1.83,1.04,0.43,39.58,24.66,0.25,33.33,6.53,89.08,0.1837,1
82.14,0.97,0.05,0.32,42.54,1.61,0.28,38.9,4.3,96.92,0.5484,1
268.15,0.87,4.88,0.89,30.82,30.02,0.77,45.99,8.79,90.92,0.4528,0
220.25,1.69,2.03,1.05,48.1,16.59,1.53,26.51,0.5,98.31,0.4999,1
448.67,0.71,0.0,1.87,49.24,10.9,0.83,29.84,3.74,94.17,0.1199,0
152.95,2.14,0.07,1.98,23.05,23.78,1.18,43.61,2.79,93.33,0.728,1
499.56,2.45,0.0,0.42,42.59,56.58,0.4,19.72,1.24,90.51,0.1226,0
217.9,1.36,0.96,1.39,40.38,20.16,0.46,34.42,0.8,88.13,0.4491,0
274.08,5.22,0.05,0.22,40.42,5.19,1.7,47.75,8.17,99.99,0.5519,1
273.93,1.02,1.0,1.25,33.65,5.67,0.77,57.23,1.35,89.63,0.4931,1
53.94,0.67,1.06,2.8,46.89,75.7,0.59,54.56,5.06,91.18,0.7831,0
218.9,0.12,1.02,2.62,37.75,2.32,0.24,29.21,5.39,94.54,0.4806,1
377.51,0.92,1.1,0.47,31.41,19.09,0.59,71.4,2.2,92.53,0.3398,0
383.73,0.74,3.01,0.23,52.95,15.07,2.77,71.38,1.12,93.33,0.3565,0
151.97,1.92,0.06,0.65,39.57,7.85,1.32,28.51,4.23,94.03,0.5697,1
286.64,0.9,0.01,0.81,24.79,19.03,1.68,47.47,5.15,95.57,0.4118,0
370.3,2.98,0.0,0.37,54.98,20.97,0.19,30.4,6.03,95.65,0.1827,0
265.14,0.26,1.04,0.35,24.59,0.76,2.1,28.68,1.4,92.09,0.4574,0
78.48,2.8,2.1,0.48,19.94,6.92,2.35,49.56,1.34,92.38,0.844,1
364.81,0.61,1.05,0.03,29.41,2.55,1.26,28.87,3.96,93.49,0.2773,1
176.96,2.87,1.05,0.41,50.26,17.06,0.76,50.07,4.48,93.94,0.5524,0
239.71,0.1,1.98,0.21,47.28,26.44,0.28,40.36,6.66,93.23,0.3844,0
325.85,0.84,1.06,0.64,34.33,5.22,0.89,44.53,2.39,94.17,0.3129,0
279.78,0.6,0.97,0.19,33.42,3.88,0.97,51.72,2.48,94.0,0.4136,0
356.38,5.17,0.98,0.03,45.13,5.22,0.5,30.69,4.55,91.67,0.4219,0
491.65,2.25,1.99,2.03,53.05,3.82,0.78,55.76,5.53,93.92,0.2078,0
193.49,0.77,0.07,0.09,43.09,11.72,0.55,53.92,4.67,94.55,0.5172,1
101.04,1.4,0.96,0.29,31.67,35.18,0.03,76.66,1.27,93.19,0.7311,1
165.46,5.42,0.93,0.66,25.54,9.85,0.01,81.64,2.48,89.17,0.8082,1
315.5,2.55,0.0,1.03,42.65,7.42,1.63,53.22,2.86,89.32,0.421,0
276.91,7.23,2.03,1.66,46.68,2.68,0.96,15.0,2.81,91.05,0.5798,1
478.94,3.09,1.03,0.55,24.62,31.35,1.23,31.83,9.91,98.48,0.3007,0
279.37,1.0,0.0,0.01,35.64,1.92,0.59,39.18,3.7,89.09,0.3743,0
126.06,0.37,0.94,0.47,35.86,0.3,0.45,54.34,2.93,86.11,0.6329,1
170.83,0.91,3.02,0.26,44.02,8.89,1.17,27.92,3.26,96.11,0.4761,1
477.74,0.29,4.96,0.84,33.41,10.83,2.82,46.64,7.33,92.89,0.2048,0
249.15,1.55,0.12,0.9,30.92,24.61,0.23,58.84,1.85,92.48,0.5026,1
366.4,1.66,0.94,0.14,49.67,11.07,1.88,48.25,1.68,97.42,0.2129,0
324.6,3.19,0.91,0.14,32.55,10.5,1.26,15.0,5.95,96.43,0.3471,0
176.35,0.6,0.0,0.68,15.64,15.81,0.14,42.0,1.06,99.99,0.5097,1
376.12,0.6,1.01,0.75,32.52,24.78,0.26,29.3,1.6,90.87,0.2036,0
184.98,3.68,0.0,1.36,25.5,3.79,0.14,50.25,1.99,92.46,0.7656,1
415.21,1.69,0.94,5.82,42.95,40.39,1.38,35.45,3.12,91.13,0.4438,1
239.53,1.43,0.0,0.71,41.74,12.67,0.29,52.47,3.01,89.6,0.5246,1
85.57,4.39,0.0,0.21,34.24,11.06,1.97,50.25,2.24,96.79,0.9013,1
235.7,0.1,0.0,0.97,27.83,9.6,0.8,15.0,0.67,92.16,0.3986,0
132.88,4.89,0.04,0.76,41.64,1.73,0.63,61.28,0.77,96.13,0.7856,1
440.11,3.37,1.97,1.1,8.0,7.64,0.26,34.94,0.71,90.39,0.3004,0
255.51,2.06,0.0,2.04,31.34,28.02,2.76,44.31,2.34,90.05,0.6401,1
117.39,1.08,1.99,0.28,30.13,33.22,0.71,38.76,2.6,98.43,0.6202,1
211.88,2.11,5.01,0.06,39.71,9.8,0.28,40.09,8.62,90.79,0.4406,0
226.49,2.05,0.06,1.8,42.44,11.27,0.38,41.12,0.67,91.64,0.5559,1
336.84,0.14,1.02,2.58,37.29,34.14,1.82,53.02,4.68,92.37,0.5041,1
490.0,3.04,0.0,2.03,30.43,17.88,0.42,53.32,1.15,93.79,0.2849,0
221.86,2.27,0.0,0.77,30.08,23.82,1.51,28.43,2.59,99.51,0.5345,0
350.88,2.42,2.01,0.44,44.79,23.82,0.98,60.05,5.86,91.51,0.4097,0
421.93,0.13,0.01,0.67,47.86,2.45,0.8,30.88,2.52,99.99,0.027,0
473.88,2.63,0.04,2.69,34.19,16.27,0.84,57.86,3.58,93.23,0.3882,0
100.51,0.98,0.0,4.02,38.04,5.07,0.89,55.23,1.31,96.64,0.8212,1
274.13,3.6,0.0,2.52,40.06,24.85,1.02,49.62,4.83,91.88,0.6169,1
131.22,1.32,2.93,0.65,29.17,19.61,1.22,70.89,5.17,94.83,0.6611,0
78.99,2.59,4.02,0.84,14.76,19.24,0.67,76.6,1.83,87.09,0.9439,1
383.98,0.69,0.0,0.95,27.96,14.29,0.08,36.37,10.48,98.17,0.182,0
392.9,2.6,1.02,3.74,29.51,5.46,0.08,26.89,1.63,96.26,0.4044,0
357.89,0.37,1.02,1.66,22.67,19.77,1.22,37.15,2.01,93.53,0.3693,0
288.61,1.8,2.0,0.25,39.76,28.14,0.13,62.77,1.62,88.28,0.3689,0
492.17,0.22,1.04,0.12,25.55,19.57,0.43,37.72,2.89,95.83,0.0388,0
190.02,4.7,2.02,0.78,44.55,36.68,0.07,44.12,2.42,96.33,0.5843,1
229.6,1.62,1.01,1.34,31.2,39.13,1.43,69.16,3.81,90.0,0.6413,1
397.7,0.69,1.0,1.43,36.04,13.66,1.3,15.0,7.94,90.87,0.2571,1
185.12,0.96,2.06,0.23,42.01,14.33,0.51,56.44,0.5,97.45,0.4027,1
451.07,2.75,0.07,0.16,37.47,51.36,1.36,57.2,6.3,90.54,0.2522,0
105.93,0.79,2.06,0.42,46.12,14.0,0.83,58.62,1.44,96.14,0.661,1
287.27,2.43,0.03,0.31,38.22,25.53,0.92,43.6,1.81,88.53,0.497,1
385.68,2.64,0.01,1.98,41.87,9.84,0.18,56.16,2.07,99.99,0.381,0
272.37,2.15,1.0,0.73,18.78,71.12,1.91,42.4,0.58,87.48,0.5997,1
182.99,4.46,0.94,1.23,29.7,20.24,0.14,53.52,0.79,94.58,0.7101,1
233.39,2.97,0.97,2.17,29.11,35.49,1.38,56.07,0.63,92.44,0.687,1
232.51,0.24,0.92,1.49,43.59,68.99,0.3,58.44,9.38,99.99,0.4251,0
63.61,1.1,0.99,0.02,44.16,11.48,0.78,52.1,3.08,87.8,0.7286,1
76.43,1.63,0.96,0.12,36.23,95.73,1.61,31.62,3.78,92.54,0.6659,0
303.11,0.34,0.0,0.12,25.28,128.84,1.53,53.07,3.6,95.17,0.4816,1
368.97,1.33,1.03,0.32,40.29,0.29,0.24,29.47,2.21,98.83,0.1216,0
247.33,1.55,0.0,0.57,34.07,19.98,0.77,70.45,1.34,96.08,0.5665,1
284.68,0.37,0.0,1.26,33.62,55.39,0.06,65.56,8.73,96.93,0.4014,0
479.97,1.19,2.97,3.23,33.69,15.8,0.05,22.63,1.12,91.25,0.1219,0
184.87,1.83,1.95,1.55,34.45,13.78,0.38,27.5,1.11,93.98,0.5154,1
255.8,6.13,1.0,0.92,47.43,29.36,0.72,43.55,2.08,99.6,0.5307,1
251.43,3.53,1.01,0.65,40.91,28.29,0.1,34.44,4.94,98.8,0.3904,1
346.3,1.69,0.04,0.31,41.0,1.82,0.49,65.17,2.51,88.51,0.405,0
371.32,0.38,2.99,2.22,26.18,32.73,0.34,70.82,10.63,96.65,0.371,0
249.44,0.9,0.99,1.06,16.65,42.97,0.41,74.21,3.55,93.65,0.5231,1
374.18,1.98,1.04,0.21,36.64,26.07,0.32,41.51,8.71,89.39,0.2534,1
427.02,3.02,0.98,0.73,30.73,22.19,0.62,42.32,3.77,89.3,0.3204,0
301.78,2.85,1.07,2.27,40.63,120.87,1.46,28.48,4.2,99.25,0.4419,0
158.13,0.79,0.06,0.78,33.31,30.79,0.75,46.72,0.75,92.65,0.6952,0
332.9,2.03,0.04,0.05,28.4,14.54,0.35,69.34,3.47,92.24,0.4165,0
255.97,1.31,3.06,0.89,32.51,12.99,0.7,46.33,2.79,95.02,0.4846,1
461.08,2.75,4.09,1.17,46.79,12.24,2.63,65.29,3.07,97.0,0.3045,0
303.55,1.38,1.02,0.64,48.32,15.47,0.8,48.57,5.82,93.22,0.2998,0
416.22,1.98,0.0,0.02,34.89,26.12,3.54,32.91,0.56,96.12,0.3142,0
280.5,2.63,0.0,1.0,11.78,10.42,0.49,48.36,3.18,99.99,0.5686,1
129.79,0.67,0.0,3.43,27.33,21.88,0.79,43.69,2.24,89.35,0.7044,0
304.26,2.73,0.03,0.9,38.73,0.76,0.34,60.53,4.01,97.2,0.4745,0
279.01,3.3,2.94,0.71,14.59,0.24,0.05,37.62,3.03,89.43,0.5644,1
213.55,0.53,0.94,0.13,30.38,8.59,0.25,46.54,2.81,97.9,0.493,1
57.18,2.76,0.99,3.35,32.4,14.41,0.94,40.07,1.83,93.9,0.8794,1
382.48,0.35,1.01,0.2,33.79,16.7,1.04,58.94,7.64,93.82,0.2178,0
491.83,1.46,1.0,0.19,41.36,10.48,1.03,67.67,6.15,97.26,0.1166,0
454.13,0.15,0.98,1.17,12.5,48.63,0.31,57.85,0.83,93.85,0.1937,0
335.54,4.29,0.0,0.23,45.01,25.34,0.84,57.34,4.03,93.22,0.4444,0
249.49,1.82,2.02,0.49,18.64,8.85,0.19,31.73,1.94,93.7,0.41,0
300.77,0.97,1.11,1.68,41.66,6.22,0.48,56.29,0.5,91.39,0.4243,0
439.35,1.87,0.96,1.12,24.81,0.29,1.38,59.82,1.1,98.41,0.3223,0
200.29,4.41,1.02,1.53,23.73,1.23,0.39,23.44,1.05,93.77,0.6314,1
402.36,4.08,1.96,0.36,23.46,36.5,0.83,54.57,1.64,92.3,0.4551,0
268.42,0.22,1.05,3.19,14.32,57.18,0.43,58.43,3.43,89.9,0.5689,1
247.0,1.95,1.0,0.59,39.32,2.15,0.65,36.87,1.13,94.09,0.3969,0
186.61,0.93,0.02,0.02,55.05,15.71,0.25,68.28,0.5,93.2,0.3935,0
290.18,0.13,0.0,0.62,31.01,27.69,0.67,41.68,5.24,96.16,0.3217,0
471.39,3.75,1.01,1.61,41.89,27.6,0.74,38.51,4.0,96.61,0.2877,1
243.04,3.77,3.0,1.63,31.08,45.91,0.83,61.93,2.67,94.2,0.7215,1
95.13,1.13,0.0,0.44,50.15,38.75,0.29,24.74,1.38,94.55,0.5238,1
100.36,0.13,2.94,4.32,51.95,17.3,1.66,34.45,3.97,96.24,0.7603,0
293.97,0.69,0.0,1.09,27.23,87.65,0.91,35.01,7.52,95.54,0.3321,0
120.53,0.14,0.02,0.05,41.09,17.25,0.25,30.29,3.37,95.09,0.4118,0
219.01,0.56,1.93,0.43,32.89,22.4,0.76,49.6,2.99,94.88,0.476,1
464.26,1.61,0.91,0.53,29.82,40.68,1.42,15.54,4.2,93.41,0.1596,0
252.08,1.48,1.07,3.33,24.15,7.89,0.74,59.7,1.87,97.92,0.6695,1
326.9,3.63,3.05,0.3,47.16,39.36,1.16,89.19,7.3,86.99,0.5189,1
52.73,0.1,1.04,1.4,33.03,5.14,1.02,45.94,3.71,90.83,0.7168,1
418.53,0.28,1.05,0.22,26.02,22.4,0.38,40.36,2.56,90.46,0.2206,0
176.38,0.35,0.85,0.18,24.2,10.48,0.38,22.48,0.5,95.28,0.4561,1
470.8,0.34,1.91,1.09,57.3,2.5,0.68,51.71,0.69,99.99,0.0323,0
120.96,0.1,1.98,0.38,43.79,42.23,0.08,53.85,5.04,92.47,0.5267,1
418.74,3.42,1.97,0.67,21.53,36.47,3.51,46.6,2.58,97.35,0.5191,0
383.4,0.11,0.95,0.91,42.88,69.61,1.6,43.0,3.16,96.36,0.2306,0
397.65,2.55,3.0,0.22,39.85,46.89,1.86,51.09,9.96,99.99,0.31,0
217.49,3.77,2.02,0.39,44.78,5.44,0.62,51.48,1.5,90.94,0.5357,1
180.27,1.63,1.0,0.36,17.56,2.23,0.33,56.5,2.38,96.73,0.6939,1
308.43,1.25,2.09,0.16,37.12,1.94,0.39,69.33,1.55,92.47,0.3266,0
111.74,0.88,2.99,0.24,36.26,0.64,0.08,36.13,11.15,95.46,0.4752,1
430.16,1.01,1.12,0.07,26.66,51.75,0.83,40.57,1.32,92.97,0.1689,0
324.6,0.35,0.95,0.4,58.37,86.64,0.21,48.78,3.94,99.35,0.1749,0
353.33,0.83,1.06,0.08,36.32,9.53,1.94,28.92,1.68,96.57,0.2645,0
412.71,2.39,1.96,0.03,30.65,12.85,0.54,42.21,2.06,96.94,0.2308,0
447.38,0.29,0.96,1.52,29.01,27.16,2.74,43.37,12.0,89.97,0.2736,1
395.01,2.47,1.94,0.4,46.6,48.94,0.14,27.55,2.39,94.56,0.1461,0
206.55,1.17,3.05,0.35,37.83,9.31,0.99,64.24,4.99,91.93,0.4771,1
343.06,0.86,2.0,0.13,32.61,6.85,3.09,54.23,1.96,93.71,0.4099,0
158.72,2.81,1.0,0.69,27.52,41.56,1.15,24.23,1.17,92.62,0.6356,1
228.47,0.51,1.99,0.2,37.83,2.03,2.28,50.87,2.67,93.46,0.5253,1
277.78,2.86,4.02,1.48,30.71,24.08,0.14,35.3,1.22,92.72,0.4839,1
295.2,1.06,0.94,1.0,41.22,29.06,0.46,63.13,3.82,93.42,0.4225,0
189.11,0.39,3.05,0.41,42.83,24.08,3.25,45.06,3.02,93.77,0.5957,1
249.31,2.89,0.05,2.55,48.49,9.05,2.54,34.87,3.41,89.36,0.6325,1
220.8,1.04,0.03,0.37,26.26,51.86,0.33,25.96,1.8,98.77,0.3657,0
135.74,0.21,3.02,0.68,23.92,20.66,0.99,53.76,5.04,98.76,0.5739,1
68.81,2.48,0.97,2.53,30.2,0.81,1.58,40.55,2.29,99.4,0.7582,1
134.77,0.81,2.05,1.48,32.31,33.76,0.29,32.98,0.86,90.69,0.5951,1
331.2,3.06,2.94,1.07,21.06,14.32,0.42,41.21,4.52,95.75,0.4256,0
327.51,0.2,0.01,1.42,39.43,17.7,0.08,54.14,2.77,99.99,0.2805,0
257.78,0.89,0.0,0.59,51.66,6.2,0.29,55.12,5.23,98.44,0.3044,0
423.41,0.33,2.94,3.05,46.06,10.42,1.63,19.59,3.69,95.28,0.1695,0
73.48,0.73,1.97,0.97,28.48,12.03,0.29,23.29,2.13,99.99,0.5187,1
115.07,0.75,0.0,1.92,31.94,36.63,0.87,37.35,2.45,94.37,0.6806,1
167.69,1.42,0.96,0.55,22.44,37.19,0.63,73.21,2.01,96.2,0.6371,1
488.0,2.55,1.02,0.87,45.4,22.23,0.34,51.3,3.72,95.89,0.1127,0
91.27,0.11,2.11,1.4,26.94,2.4,1.23,40.1,3.52,95.67,0.7239,1
422.21,3.73,0.99,0.1,42.9,7.52,0.42,44.94,2.26,98.61,0.2905,1
454.26,1.03,3.03,1.65,52.93,48.98,0.12,18.8,11.95,96.73,0.0779,0
472.57,3.11,0.05,0.01,22.34,22.44,0.8,67.24,1.72,92.85,0.3306,0
343.79,0.6,0.0,0.12,31.88,43.07,1.01,56.92,4.39,94.7,0.3175,0
236.58,5.12,0.99,1.0,31.01,18.15,0.26,68.06,5.31,93.44,0.6946,1
486.03,1.76,2.07,0.19,36.54,48.26,0.92,50.38,1.33,99.12,0.1476,0
394.28,1.2,2.0,0.33,32.17,5.65,0.2,76.21,4.49,99.99,0.2673,0
273.31,1.16,0.99,0.05,28.08,39.72,0.87,37.3,2.62,84.84,0.4771,1
476.98,1.85,1.02,2.04,29.73,11.46,1.75,42.38,6.16,93.79,0.2586,0
442.48,1.39,1.94,0.18,35.16,1.78,0.52,55.09,4.77,95.98,0.2376,0
214.44,1.95,0.0,0.34,38.2,22.64,1.4,61.62,1.67,96.33,0.4815,1
162.89,1.84,0.9,0.09,39.03,1.71,0.66,34.29,8.06,93.35,0.5078,1
147.87,2.31,2.0,0.09,30.22,8.25,0.36,59.25,4.61,93.69,0.6143,1
393.34,1.25,0.0,1.51,25.23,24.36,0.66,37.41,3.79,87.64,0.283,0
244.74,1.38,0.91,2.61,34.35,14.33,1.11,28.84,3.27,90.07,0.5299,1
469.38,2.5,1.03,0.38,18.76,11.8,0.73,22.4,4.28,97.66,0.1417,1
285.47,4.44,1.94,1.06,38.74,5.23,0.48,41.16,4.12,99.99,0.4894,1
127.78,1.89,0.0,0.23,36.19,60.3,0.34,25.05,0.86,92.83,0.5898,1
472.56,3.12,0.03,0.38,49.14,8.1,0.26,57.87,2.53,94.83,0.1422,0
242.62,0.71,0.06,0.28,40.91,17.34,0.07,36.49,3.72,90.75,0.3722,0
373.87,0.97,0.01,0.86,33.38,7.16,0.22,41.16,4.05,90.83,0.2615,0
189.65,0.98,0.0,0.29,23.6,12.15,3.31,80.74,3.8,96.09,0.774,1
226.34,0.3,0.96,0.83,12.75,14.05,0.72,25.93,0.9,99.99,0.4772,0
331.2,3.18,1.94,0.62,44.89,11.13,0.31,34.05,6.9,98.72,0.3853,0
193.11,0.87,1.04,2.9,8.0,18.74,1.24,62.29,6.5,93.96,0.7754,1
381.12,0.2,1.02,0.02,28.3,63.02,0.32,38.22,1.03,96.18,0.1206,0
306.77,0.79,2.01,0.23,47.52,30.2,0.53,84.36,7.23,91.14,0.3232,0
168.77,0.87,1.03,0.32,34.73,22.67,0.09,55.34,2.72,94.88,0.5787,1
233.27,3.43,1.03,0.07,44.51,66.74,0.39,34.87,6.89,84.14,0.4615,1
369.02,3.83,2.0,0.12,35.53,1.76,0.02,46.21,4.55,99.52,0.3713,0
163.05,1.89,1.04,1.42,38.6,28.42,1.76,37.67,6.02,92.05,0.6518,1
145.93,1.26,0.05,1.96,29.55,35.24,0.32,49.61,7.14,87.86,0.712,1
163.05,0.44,1.95,0.63,49.13,22.54,0.15,37.97,8.49,99.15,0.4175,0
84.56,0.69,0.01,0.32,31.01,5.8,2.59,45.39,3.51,94.98,0.726,1
436.36,0.57,0.0,1.0,19.04,5.48,0.55,62.99,2.28,96.92,0.2735,0
324.66,7.12,0.94,0.76,41.36,25.97,1.21,20.0,7.73,92.26,0.5836,1
120.96,0.68,1.97,0.17,23.29,48.77,1.3,15.5,4.35,99.99,0.5636,1
270.23,0.32,0.0,0.22,12.82,7.44,1.42,53.01,1.26,87.57,0.5812,1
467.44,0.2,2.97,1.26,29.52,8.02,0.4,62.9,1.85,99.99,0.1407,0
494.79,3.7,1.98,0.78,38.07,19.0,0.1,56.35,1.56,90.01,0.2446,0
357.66,4.58,0.0,0.12,19.21,46.06,3.85,52.19,4.21,88.05,0.6687,1
51.55,2.13,0.0,1.37,27.58,57.0,1.72,51.77,1.82,93.27,0.831,1
375.75,0.62,1.06,0.97,36.06,5.34,0.61,49.41,7.04,93.42,0.2857,0
207.49,1.01,2.09,0.35,33.63,67.47,0.99,45.75,3.85,94.22,0.4829,1
194.44,1.27,2.97,1.18,25.84,17.51,1.49,47.64,4.95,93.42,0.6062,1
310.56,1.15,0.97,0.61,41.23,44.81,1.03,50.66,2.13,94.42,0.348,0
419.86,2.41,1.06,0.36,42.88,0.92,2.07,41.76,14.3,92.03,0.2596,0
140.27,1.4,0.97,1.11,37.7,5.94,0.26,30.59,0.65,99.65,0.5519,1
230.64,0.35,2.1,2.4,48.17,4.17,1.69,53.41,0.5,88.65,0.548,1
388.12,2.32,0.97,0.19,21.52,36.1,0.83,34.01,2.46,90.89,0.2923,0
286.68,1.52,0.97,0.18,32.06,137.19,0.32,35.34,3.34,91.06,0.3794,0
196.35,2.63,2.83,0.96,32.87,8.03,0.29,44.7,1.97,93.79,0.5563,0
103.86,0.53,0.02,0.18,41.66,10.3,1.19,61.56,5.1,99.99,0.6121,1
125.77,3.01,2.0,1.73,29.66,24.83,0.23,30.38,4.0,99.99,0.7082,1
275.56,4.95,0.97,1.2,17.71,115.11,0.99,31.65,5.88,92.84,0.6136,1
491.49,1.51,0.93,0.8,23.18,80.87,0.44,36.23,5.93,83.7,0.1628,0
94.83,0.58,0.0,0.04,34.03,20.88,0.15,32.36,0.68,98.1,0.6282,1
351.67,1.34,2.92,0.01,30.12,13.6,0.34,38.23,5.76,93.78,0.2516,0
357.55,6.74,0.06,3.05,19.05,24.85,1.29,15.0,1.46,95.12,0.6893,1
140.89,3.02,0.05,0.47,51.82,6.06,0.07,29.2,3.62,95.07,0.4931,1
71.07,2.55,0.02,0.83,33.28,19.38,1.44,54.94,6.8,92.82,0.8517,1
286.31,2.24,0.09,0.64,24.17,1.31,1.38,56.86,0.73,96.04,0.5144,1
221.6,4.53,1.91,0.95,43.93,1.83,0.11,31.09,0.94,93.52,0.5453,1
480.0,1.01,0.02,1.08,37.15,32.16,0.34,40.57,4.33,94.77,0.0981,1
156.52,3.42,0.99,1.65,34.99,90.13,0.1,37.37,1.21,94.09,0.6861,1
281.29,1.03,0.95,0.24,39.58,5.78,0.87,76.67,3.48,94.73,0.4414,0
217.66,6.63,1.05,0.52,36.02,39.59,1.55,70.78,0.57,91.17,0.7949,0
328.04,2.6,2.01,0.53,26.6,48.99,1.24,40.15,1.86,97.99,0.4883,1
415.88,3.74,1.94,0.45,42.87,21.36,0.27,65.85,8.09,96.62,0.2816,0
411.42,0.56,0.07,0.73,42.09,3.05,2.95,47.13,1.56,90.5,0.3392,0
245.42,3.05,1.0,2.63,38.42,71.93,1.1,45.66,5.15,92.5,0.6293,1
133.39,0.57,1.05,0.53,53.5,63.67,0.95,49.86,4.95,93.65,0.5934,1
251.16,0.86,0.0,0.65,31.59,20.72,0.25,65.42,5.1,97.83,0.536,1
77.02,1.75,0.01,0.29,45.53,57.11,0.48,56.14,2.01,91.94,0.6346,1
278.55,2.95,3.07,1.91,41.09,11.16,1.25,33.91,7.22,95.66,0.4814,1
283.72,0.25,0.0,2.88,37.02,49.48,0.63,31.95,3.79,88.67,0.426,0
273.95,0.38,2.07,0.09,24.75,5.76,2.49,53.77,2.58,91.81,0.5368,1
171.56,1.0,0.04,1.63,36.72,27.12,0.61,56.55,4.68,99.99,0.5674,1
270.31,1.4,0.92,2.27,37.88,4.58,0.17,71.57,1.98,98.49,0.56,1
119.71,3.28,0.99,2.89,12.97,86.36,0.1,28.01,2.01,97.64,0.8374,1
303.25,1.78,1.06,0.99,29.76,21.8,0.46,45.37,1.51,93.79,0.4642,1
251.89,0.68,0.13,1.35,40.96,80.52,0.95,57.4,1.29,90.76,0.4938,1
302.66,1.55,1.08,0.48,34.79,2.42,0.57,55.67,0.84,97.52,0.3803,0
438.05,1.65,0.04,0.21,19.64,35.68,0.25,32.55,1.91,91.88,0.2499,0
379.6,1.35,1.04,0.07,22.56,22.43,0.45,75.14,5.78,94.17,0.3724,0
297.41,2.2,2.02,0.42,48.13,5.64,1.03,28.64,4.35,97.2,0.2952,0
482.63,0.27,1.0,3.18,28.64,47.42,2.61,15.0,1.36,91.17,0.319,0
287.23,0.99,0.98,0.59,34.37,31.6,0.36,31.76,0.71,94.47,0.4075,0
162.4,1.37,0.0,0.28,36.43,18.31,0.39,39.43,0.77,94.15,0.5281,0
380.73,5.64,0.97,3.34,14.78,11.22,1.55,57.31,12.21,92.25,0.8126,1
282.33,5.99,0.0,0.61,44.61,51.38,0.45,47.27,0.96,90.91,0.624,1
176.67,2.07,0.93,2.01,26.09,3.64,1.16,33.62,0.53,91.6,0.6713,1
57.64,0.67,0.0,0.29,42.02,14.29,0.39,63.32,0.5,93.97,0.6654,1
317.6,2.23,1.02,4.63,48.22,42.19,0.4,31.66,3.4,96.86,0.5076,1
404.91,0.46,1.0,0.24,30.22,58.75,1.88,15.0,1.3,99.99,0.2152,0
206.29,6.32,1.05,3.57,39.74,1.17,0.25,29.76,4.94,97.02,0.8354,1
323.43,1.17,1.91,0.25,42.37,25.44,0.54,53.48,4.96,90.96,0.3297,0
394.86,4.32,2.93,2.26,36.07,6.87,1.03,30.18,4.07,93.23,0.3991,0
234.77,1.34,0.97,0.44,24.1,22.97,0.16,34.51,1.92,88.06,0.3576,0
331.19,0.44,4.04,0.46,28.71,11.97,0.63,47.46,0.5,90.71,0.27,0
361.42,0.59,1.06,3.0,23.31,1.75,1.74,36.64,5.52,99.99,0.4298,0
244.72,0.41,0.0,0.85,25.66,8.19,1.0,19.74,2.52,96.23,0.3845,0
66.93,0.26,2.04,1.55,47.91,0.28,0.27,36.24,2.06,95.92,0.6096,1
210.46,0.7,1.03,2.82,51.26,16.1,0.73,49.31,3.44,86.64,0.5579,0
258.95,0.1,1.08,0.79,41.11,51.29,0.17,60.63,7.89,94.44,0.4327,0
436.04,0.36,1.04,0.66,26.62,19.99,0.73,33.13,4.18,98.47,0.114,0
425.63,0.4,3.01,0.65,50.69,4.84,1.3,76.27,1.5,98.68,0.1368,0
105.66,0.1,0.0,1.02,31.6,6.46,1.56,40.59,10.07,90.42,0.6552,1
407.94,4.35,2.0,0.71,42.31,1.58,0.76,48.55,4.75,97.23,0.2796,0
117.21,1.25,0.95,0.4,27.04,7.97,0.72,34.72,5.19,90.36,0.7134,1
191.23,0.36,1.06,2.3,39.09,27.35,1.1,74.43,0.5,99.4,0.5606,1
152.5,1.94,0.0,0.02,26.04,20.28,0.4,36.43,2.28,96.5,0.5249,1
144.78,2.1,2.06,0.66,30.52,98.44,0.29,45.55,5.7,93.31,0.603,0
347.36,4.35,1.82,3.44,24.26,77.25,0.19,78.13,1.1,96.57,0.646,1
171.14,1.56,0.05,1.37,47.07,47.43,0.07,43.31,6.94,86.47,0.5496,1
334.37,0.85,0.99,0.03,46.83,115.07,0.37,46.71,2.77,92.2,0.1816,0
362.99,3.02,2.05,0.57,19.41,1.33,0.31,65.32,2.49,98.9,0.45,0
136.04,0.22,0.9,0.59,34.72,45.59,1.2,38.26,1.41,97.01,0.5545,1
277.5,1.93,1.91,0.02,36.71,13.92,1.07,32.94,4.59,98.36,0.3806,0
247.04,0.4,0.03,4.17,47.31,19.34,0.51,35.4,3.64,95.66,0.4523,0
66.77,0.3,2.0,0.75,33.68,42.99,0.76,44.1,2.31,95.2,0.7016,1
439.98,0.1,0.94,0.5,32.54,20.57,0.61,50.93,4.18,91.98,0.254,0
464.21,0.76,0.0,0.69,44.3,92.23,0.52,43.27,1.34,97.38,0.1024,0
161.18,0.57,2.02,0.5,32.58,15.97,1.09,54.86,3.0,94.03,0.6127,1
93.43,2.69,1.01,2.08,36.44,26.64,0.71,65.43,3.78,87.09,0.873,1
390.2,1.93,0.97,0.32,12.25,26.26,0.97,37.31,2.87,99.99,0.3264,0
106.86,1.46,2.0,0.08,24.84,44.74,0.3,31.14,2.23,93.09,0.6868,1
152.74,0.29,1.02,2.1,31.14,72.19,0.3,36.72,2.32,93.69,0.5776,1
410.13,0.39,1.93,0.86,28.58,1.22,0.16,59.96,3.96,93.07,0.2645,0
303.89,1.32,0.96,0.8,29.36,23.63,0.85,35.74,2.58,95.69,0.4377,0
334.68,0.7,0.84,1.36,38.16,52.32,1.68,67.72,2.52,94.09,0.3736,0
407.93,1.6,2.02,0.58,32.86,6.48,0.26,56.08,4.2,86.55,0.2884,0
392.91,1.29,1.02,0.15,41.61,40.43,0.46,41.76,4.74,97.73,0.1235,0
348.2,1.41,0.04,0.7,61.45,17.75,0.61,33.16,3.44,94.27,0.0997,0
128.46,3.53,3.11,0.36,42.29,52.76,0.54,49.01,11.83,95.86,0.7235,1
83.65,1.89,1.06,1.45,39.08,14.56,0.1,42.36,1.95,96.71,0.6288,1
167.85,1.56,1.02,0.76,30.4,14.53,0.48,41.16,1.49,91.92,0.5915,1
263.13,1.4,0.99,0.97,38.27,0.2,0.9,45.83,2.68,88.41,0.4539,0
487.04,0.85,2.83,1.21,40.05,44.23,1.48,35.27,2.41,88.09,0.145,1
320.36,1.86,1.98,0.43,12.05,9.74,0.75,75.63,11.47,93.74,0.6046,1
317.72,0.27,0.04,3.45,42.64,31.67,0.27,44.7,4.62,97.31,0.3735,0
243.92,3.87,0.92,0.04,42.17,23.64,0.4,54.33,1.72,96.72,0.5087,1
395.22,1.09,0.03,2.02,38.78,16.25,0.63,26.4,0.63,93.51,0.2904,0
284.17,0.69,0.91,0.29,33.31,36.45,2.88,27.13,4.79,94.44,0.438,1
419.66,1.78,0.04,0.34,32.57,8.38,1.05,59.82,4.93,93.71,0.3214,0
199.44,2.93,1.04,0.69,23.13,34.55,0.15,33.46,6.14,94.88,0.528,1
444.08,0.9,1.04,0.25,43.99,0.99,0.95,44.7,9.48,94.16,0.2062,0
313.08,0.7,3.01,0.35,28.65,2.86,0.87,35.9,2.18,89.71,0.4136,0
342.84,0.91,0.0,0.5,38.43,24.67,0.19,15.0,3.22,94.4,0.1982,0
407.06,1.42,0.99,1.98,43.62,8.4,1.39,60.69,4.51,87.82,0.38,0
222.15,1.52,0.0,0.87,28.17,83.09,1.78,44.9,2.18,96.13,0.589,1
132.34,1.88,2.05,1.41,32.03,7.64,0.48,30.55,0.5,99.99,0.5715,1
131.01,4.25,0.02,1.92,36.97,3.06,0.8,49.71,4.21,94.66,0.7495,1
159.5,1.74,0.02,0.78,47.05,2.29,0.63,61.14,1.62,93.54,0.5946,0
364.4,0.39,0.97,0.52,44.45,51.23,0.98,57.25,2.3,94.14,0.2144,0
286.15,2.04,0.0,0.3,14.36,9.67,0.13,70.69,9.41,99.99,0.5353,0
72.27,0.69,2.01,0.52,40.75,34.19,0.27,65.28,4.8,91.56,0.7095,1
374.41,0.72,0.01,0.77,32.12,0.03,1.15,75.31,4.66,93.42,0.4201,0
273.69,4.9,2.05,0.91,21.32,14.73,0.07,47.33,4.81,95.39,0.5916,1
434.96,2.3,2.93,0.3,37.11,21.22,0.4,15.0,2.62,99.29,0.1295,0
272.67,0.34,1.07,0.29,25.92,0.2,0.83,80.76,1.78,94.85,0.5187,1
228.21,1.16,2.05,0.51,40.59,22.29,0.4,74.6,2.42,95.23,0.504,1
107.84,0.76,6.03,1.64,44.1,11.39,1.49,24.12,8.21,97.4,0.6176,1
205.61,1.14,2.07,0.4,16.24,7.43,1.25,50.81,4.29,99.99,0.6758,1
334.08,0.16,2.01,1.49,33.1,25.09,0.64,26.77,7.35,99.99,0.324,0
125.06,0.69,2.11,0.11,41.75,55.56,0.92,30.19,3.72,92.61,0.5664,1
380.51,1.72,0.95,0.12,35.58,9.3,0.31,25.71,2.98,89.78,0.1897,0
212.26,3.14,0.96,0.4,34.51,26.61,0.7,49.83,2.62,92.6,0.5274,1
217.62,0.78,0.0,1.81,20.46,58.32,1.68,25.18,0.88,95.13,0.6049,0
165.55,5.01,2.06,0.63,40.38,35.96,0.18,65.21,5.0,90.15,0.6774,1
288.08,1.55,0.96,1.01,40.32,13.47,1.44,51.96,2.41,95.73,0.4089,0
398.39,0.1,3.04,0.24,33.52,2.59,0.12,51.19,2.94,93.45,0.1313,0
239.11,1.65,2.03,0.18,28.32,4.39,0.93,24.53,1.97,89.63,0.553,0
320.71,0.1,0.0,2.27,26.29,19.76,2.64,45.1,2.3,97.88,0.5043,1
442.32,0.21,3.93,1.06,24.42,19.52,0.48,32.48,2.81,97.12,0.1559,0
94.35,0.47,1.03,3.42,43.47,48.27,1.34,55.51,1.77,99.99,0.7203,1
465.02,1.84,0.02,0.42,25.53,25.27,0.01,33.94,3.16,94.92,0.0697,0
51.8,2.48,0.01,0.67,36.2,3.58,2.68,46.03,2.3,91.72,0.8606,1
447.31,3.9,1.96,0.17,16.77,23.62,2.19,33.97,7.94,90.96,0.3546,0
405.73,2.42,0.07,0.24,42.24,2.62,1.02,40.02,6.06,97.92,0.2036,0
482.74,3.75,2.98,1.66,33.28,13.76,0.21,42.29,3.43,91.35,0.2674,0
397.5,1.44,0.97,0.91,45.54,0.34,0.85,75.06,6.4,96.01,0.2732,0
80.43,2.2,0.0,1.52,27.26,87.7,1.12,75.11,5.8,99.99,0.8822,1
216.78,0.44,1.05,0.9,45.04,9.11,0.18,51.26,3.21,92.19,0.4197,0
60.12,1.26,0.95,1.38,53.3,11.01,0.37,62.02,5.5,96.09,0.636,1
175.67,1.38,1.97,0.22,26.64,10.78,0.9,33.01,7.26,90.21,0.4642,1
383.49,1.77,2.01,0.54,26.75,6.65,0.54,45.98,2.63,98.47,0.3259,0
288.94,0.27,0.0,1.28,39.33,8.13,1.59,51.1,3.65,93.05,0.4071,0
343.64,2.38,0.1,0.76,31.75,42.25,0.37,71.48,1.96,92.41,0.5263,1
485.34,4.94,2.08,1.23,27.0,27.28,0.65,47.33,4.21,88.77,0.3655,0
444.74,3.52,1.08,0.51,34.12,10.99,2.07,32.73,2.3,94.27,0.2739,1
122.01,2.12,0.0,1.27,38.97,25.41,0.3,47.68,6.29,94.83,0.6083,1
200.13,2.99,1.07,1.53,26.63,0.71,0.86,53.37,2.98,99.3,0.6751,1
298.91,2.16,1.99,0.53,36.43,15.36,0.07,37.25,8.14,95.8,0.3559,0
454.07,3.24,0.92,2.82,41.6,32.31,0.67,38.49,4.15,94.05,0.3154,0
428.06,0.8,2.06,3.03,42.56,28.94,0.63,26.68,3.46,95.75,0.191,0
95.92,0.76,2.07,0.46,20.91,2.84,2.92,19.83,7.11,97.41,0.6664,1
171.67,1.29,0.96,0.14,28.78,13.43,0.7,57.19,13.46,92.19,0.5545,1
245.94,2.94,2.0,0.82,37.94,8.44,0.54,19.85,5.24,89.78,0.5079,0
320.68,1.75,0.0,0.87,48.55,14.15,1.1,29.13,4.57,88.84,0.2758,0
334.08,2.13,0.02,0.63,38.67,26.74,0.66,17.03,2.44,95.38,0.3424,1
483.88,0.15,1.95,0.89,40.33,45.64,0.1,62.84,1.66,95.91,0.0876,0
406.52,0.5,1.95,0.4,41.77,10.63,0.88,52.42,3.77,90.55,0.1815,0
133.83,1.46,1.95,0.53,40.49,22.01,0.23,26.62,5.71,94.95,0.4783,1
320.41,0.76,0.99,0.21,35.57,8.39,0.55,15.0,1.95,99.99,0.1931,0
419.23,0.78,0.92,0.81,45.33,8.68,2.2,30.32,1.07,98.74,0.1922,0
388.47,0.86,0.08,1.33,42.08,7.14,2.49,37.91,5.81,93.1,0.4172,0
436.94,6.48,0.06,0.1,42.17,13.77,1.05,55.5,4.96,95.46,0.3229,0
161.36,1.39,0.06,0.44,34.56,76.05,2.51,41.51,3.34,91.94,0.5663,1
437.05,0.89,0.96,0.16,38.0,19.93,1.73,41.72,2.79,87.86,0.1734,0
354.58,2.71,1.95,0.88,48.94,40.69,0.73,39.28,10.47,86.75,0.3267,0
181.21,1.01,0.08,2.32,53.05,26.39,0.49,26.77,4.69,93.26,0.4797,1
320.9,2.98,1.01,0.63,52.18,15.24,0.52,22.15,4.4,99.83,0.1967,0
463.7,0.37,1.04,0.04,33.54,54.18,0.18,17.13,1.76,92.81,0.0,0
466.71,1.66,0.0,0.43,36.34,25.84,1.02,38.31,4.16,91.5,0.2005,0
152.3,0.66,0.0,0.37,40.16,35.88,0.79,35.88,8.64,91.74,0.5449,1
206.85,2.78,1.01,1.72,18.19,20.47,0.78,53.58,5.92,89.39,0.7491,1
163.37,1.96,0.0,0.67,29.46,11.94,0.28,58.32,4.7,91.89,0.649,0
358.8,2.15,0.0,0.61,45.59,0.25,0.74,41.41,0.82,99.99,0.2419,0
224.65,2.79,0.04,6.39,30.09,48.72,0.45,37.77,7.62,99.99,0.7115,0
95.05,0.85,3.09,0.55,49.14,0.92,0.92,35.91,0.99,94.02,0.5325,1
183.87,0.27,2.03,0.57,29.99,22.39,1.72,45.25,2.88,89.09,0.5571,1
136.15,2.21,0.0,2.18,18.52,2.0,0.36,62.27,0.92,92.59,0.8149,0
230.99,1.19,2.98,2.8,54.3,19.63,2.12,43.16,3.73,88.75,0.6023,1
356.94,1.49,0.98,0.17,25.69,6.98,0.7,45.89,2.28,98.99,0.361,0
122.28,1.58,0.0,0.68,10.13,11.34,0.2,20.28,3.86,88.84,0.6937,1
425.09,1.52,0.98,3.57,30.47,8.57,1.53,58.74,4.41,89.34,0.5305,1
136.21,6.15,3.01,0.58,32.27,3.01,0.55,39.9,2.08,97.48,0.7965,1
463.91,0.79,0.98,0.65,31.66,91.46,0.52,25.92,5.26,98.74,0.0879,0
313.84,5.11,1.01,1.1,55.8,23.17,0.22,52.02,6.02,91.94,0.4099,0
319.74,1.88,0.95,1.32,40.76,33.05,1.55,44.11,3.15,95.09,0.4605,1
188.39,4.02,1.03,1.6,31.67,5.93,0.89,31.92,6.43,97.59,0.6756,0
374.28,0.44,0.99,0.44,51.61,37.12,2.84,28.27,1.96,92.1,0.1751,0
122.01,0.38,0.02,0.75,38.69,96.3,0.43,37.61,3.42,85.92,0.5658,1
141.44,1.77,0.97,0.34,24.0,10.29,0.21,32.28,6.32,96.8,0.5726,1
313.68,1.56,0.06,0.9,43.89,9.23,0.43,30.15,0.93,99.99,0.2719,0
191.38,2.38,1.09,0.47,32.4,8.93,0.13,32.34,6.02,99.23,0.4525,1
463.89,2.01,1.04,0.08,47.14,32.54,1.49,28.39,2.8,94.42,0.106,0
315.91,0.57,2.02,0.32,54.87,78.1,0.58,19.34,1.52,98.21,0.215,0
139.31,1.38,1.05,4.46,33.79,106.65,1.93,35.53,1.82,89.86,0.8242,0
420.98,0.24,1.05,0.84,31.27,67.17,0.55,29.09,2.7,94.19,0.1014,0
231.98,2.62,3.05,3.76,32.29,23.07,0.9,42.91,13.02,86.68,0.6981,1
149.69,0.73,3.93,0.7,41.62,13.62,0.74,53.79,5.76,98.92,0.5608,1
110.92,2.31,0.96,0.12,44.04,16.05,0.42,41.17,8.97,95.33,0.6101,1
265.58,1.53,1.88,2.7,10.27,24.5,2.3,46.23,1.81,91.37,0.6961,1
331.18,1.13,0.05,0.3,34.25,3.16,0.72,23.38,6.34,89.58,0.3327,0
243.44,4.07,0.02,0.26,27.68,43.13,1.21,41.48,1.75,96.37,0.5845,1
281.17,4.03,0.0,0.32,21.73,100.04,0.7,75.6,4.18,95.78,0.5819,1
404.08,1.78,0.98,1.32,26.32,22.31,0.36,51.49,1.49,97.18,0.4185,0
291.29,2.28,0.92,0.21,25.06,8.71,1.07,76.97,1.8,92.72,0.6384,1
313.33,4.21,0.02,1.02,30.51,10.46,1.42,36.89,1.65,92.64,0.533,1
150.08,3.59,0.07,1.25,43.2,28.75,0.83,35.29,0.56,91.13,0.7899,1
99.88,0.44,1.98,0.48,38.04,15.54,0.18,34.35,3.38,99.99,0.5289,1
111.0,0.33,0.01,0.28,38.16,91.49,1.89,38.4,5.79,89.25,0.5888,1
63.78,1.1,0.0,0.18,35.63,4.12,0.79,59.65,0.78,96.86,0.7452,1
130.95,0.37,3.01,2.71,41.94,9.38,0.47,41.84,0.87,94.39,0.6301,1
447.27,1.26,4.08,1.92,42.4,1.78,0.43,29.08,5.0,91.89,0.1907,0
263.23,2.21,0.97,0.92,27.3,17.39,0.11,36.87,0.83,97.28,0.4862,1
363.28,3.88,0.99,0.2,22.41,0.33,1.91,42.21,3.77,82.97,0.5281,0
470.83,1.7,0.0,0.85,36.3,37.49,1.14,60.55,1.2,90.78,0.1628,0
405.0,5.53,1.07,1.13,43.96,99.37,1.35,38.65,3.0,89.31,0.4721,1
102.77,3.2,1.05,1.52,45.87,11.31,0.18,52.67,5.61,93.68,0.7175,1
285.47,2.74,0.0,1.1,11.1,43.31,1.65,19.31,5.48,94.57,0.6036,1
336.03,1.98,0.0,0.31,25.72,25.21,0.82,28.99,2.14,97.4,0.271,0
467.34,0.19,0.0,0.4,40.8,57.9,0.89,32.23,1.65,91.49,0.0392,0
455.41,4.53,0.02,0.08,32.98,16.59,1.84,23.31,2.16,92.19,0.3234,1
131.87,1.64,3.09,0.46,14.67,57.37,0.43,50.89,2.81,91.36,0.691,1
201.46,0.42,0.04,2.05,38.53,5.44,1.28,40.35,4.0,98.39,0.5291,0
317.72,0.43,4.05,0.86,22.31,2.59,0.4,75.12,2.3,90.12,0.4454,0
103.48,2.03,0.0,0.87,18.6,7.29,0.51,58.23,1.16,99.99,0.8087,0
90.08,0.91,3.03,0.41,36.58,26.28,0.99,70.1,0.5,96.88,0.6918,1
222.66,0.5,0.03,0.43,47.72,0.14,0.17,45.34,4.53,99.99,0.4321,0
125.35,0.99,1.01,0.05,24.13,36.32,0.48,61.21,1.91,89.56,0.7122,1
72.0,4.18,0.0,0.65,30.4,5.81,0.34,44.46,0.5,91.05,0.8275,1
159.27,0.1,0.05,0.17,36.92,39.58,1.42,52.89,0.88,88.42,0.599,1
239.34,1.3,0.99,0.22,48.28,10.63,2.21,60.23,2.3,93.79,0.4691,1
252.47,4.18,0.01,0.58,21.37,31.71,0.45,31.47,1.57,93.44,0.587,1
350.01,2.45,0.85,0.93,46.72,13.58,0.53,52.52,9.26,94.89,0.3472,0
188.9,3.92,0.94,0.21,43.85,62.29,0.39,45.99,3.84,99.99,0.5178,1
385.77,3.11,0.01,1.39,41.43,10.84,1.28,68.01,6.61,97.51,0.3728,0
277.67,2.39,0.03,0.48,51.99,12.86,0.16,28.61,6.06,88.92,0.3203,0
340.67,3.18,3.99,1.38,34.85,35.79,0.52,40.84,5.67,99.99,0.4535,0
169.03,0.91,1.89,0.27,48.59,3.52,0.83,71.45,4.43,92.21,0.6081,1
123.08,1.14,2.0,0.64,44.27,18.71,0.56,68.5,7.25,87.28,0.6475,1
464.12,0.71,3.04,1.23,32.38,65.18,4.01,47.15,5.05,99.99,0.3044,0
69.95,2.98,0.01,0.41,31.74,55.78,0.46,45.88,3.32,93.55,0.7452,1
342.56,0.78,3.02,0.17,32.17,24.4,1.82,61.54,6.53,91.33,0.3636,1
236.12,1.45,0.93,1.13,21.04,14.55,0.89,59.13,0.94,95.46,0.6193,1
160.68,1.98,0.92,0.46,33.34,8.52,1.13,34.3,2.38,89.27,0.622,1
51.52,0.9,2.03,0.76,18.65,57.66,0.79,52.36,3.36,91.19,0.7924,1
230.28,4.25,3.02,0.07,16.25,16.49,2.43,70.49,3.4,99.53,0.8138,0
143.47,1.88,0.99,1.69,49.04,1.3,0.24,33.3,3.86,92.29,0.5654,0
467.43,0.27,2.02,2.02,22.04,20.45,3.79,71.42,2.86,99.99,0.446,0
454.02,1.12,0.0,0.92,26.29,30.97,0.67,54.44,1.54,99.99,0.1967,0
373.08,3.36,0.0,1.34,38.95,141.07,0.92,33.13,2.36,97.81,0.3417,0
490.05,2.45,0.96,0.03,34.72,6.03,0.35,30.22,1.61,95.68,0.1029,0
346.46,4.26,0.92,3.5,44.74,49.48,1.39,23.07,4.44,93.7,0.5835,1
212.72,0.76,0.0,0.69,51.93,13.36,0.22,66.16,3.71,88.96,0.4917,1
372.8,4.11,2.09,0.65,34.49,51.89,0.77,24.46,2.7,91.57,0.3825,0
407.63,0.32,1.95,0.37,44.09,20.69,0.58,86.63,2.65,85.61,0.2869,0
397.9,0.27,0.99,0.68,32.88,29.99,1.09,44.48,1.18,91.57,0.2426,0
95.34,0.11,1.07,1.23,23.14,0.69,1.36,46.42,4.57,94.51,0.7056,1
326.11,0.42,2.04,1.34,28.44,20.39,0.71,45.45,1.08,91.06,0.369,0
376.1,3.76,2.0,1.04,20.95,27.72,0.36,53.6,2.26,94.94,0.4535,0
461.14,1.49,1.07,1.17,23.12,23.14,1.05,28.61,3.29,93.81,0.2103,0
470.53,1.64,0.96,0.2,23.79,8.57,0.07,62.9,2.19,83.31,0.2752,0
494.67,4.52,2.0,1.6,27.26,8.66,0.19,52.29,4.01,92.54,0.3357,0
161.78,2.11,2.03,0.2,26.76,10.12,2.37,40.92,6.91,98.84,0.7017,1
205.64,0.69,0.0,0.67,35.67,32.28,0.97,35.68,9.26,96.86,0.5503,1
150.37,1.42,0.98,1.05,45.34,0.22,0.6,45.16,2.8,89.01,0.5416,1
484.45,1.26,0.98,0.7,36.9,60.43,0.23,61.38,6.57,92.87,0.0522,1
138.6,2.22,0.97,0.44,36.05,46.51,1.91,39.15,5.6,90.42,0.7108,1
434.84,4.66,1.98,0.63,38.73,16.88,0.1,60.87,0.5,92.76,0.3374,0
230.82,0.54,0.01,0.73,44.24,25.34,0.56,39.65,0.5,95.26,0.4194,0
444.34,0.32,1.99,0.23,20.52,3.33,0.46,15.0,0.96,95.84,0.1419,1
179.41,1.88,0.0,1.04,32.81,91.71,0.49,37.41,0.66,91.18,0.6051,1
146.3,0.3,0.92,2.73,30.8,29.68,0.52,48.76,5.61,93.45,0.6113,1
204.35,0.86,0.0,0.21,49.88,0.06,0.69,57.96,8.2,87.98,0.4146,0
381.16,2.36,1.0,1.01,48.04,46.27,0.11,22.26,4.9,93.13,0.1775,0
249.57,0.1,4.02,0.3,18.96,5.21,0.29,39.79,6.17,98.27,0.345,0
194.86,0.44,0.01,1.16,42.94,71.59,0.41,45.95,6.3,98.48,0.4587,0
489.35,0.61,4.97,0.04,27.56,6.88,2.28,40.54,1.21,98.32,0.1186,0
248.92,1.67,0.99,0.03,51.57,23.43,0.76,37.36,5.58,95.81,0.3083,0
132.55,5.31,1.02,2.61,53.13,11.11,0.07,26.01,10.64,99.99,0.759,1
377.34,2.34,2.04,1.73,36.17,0.41,0.33,63.57,3.33,96.96,0.3567,0
427.54,5.88,0.95,0.53,37.56,24.18,1.15,38.22,0.73,93.82,0.4096,0
288.05,1.81,1.0,0.08,41.12,23.71,2.29,58.36,2.52,93.35,0.4625,1
140.49,1.32,0.0,0.09,33.02,15.9,0.07,29.26,0.54,93.94,0.5903,1
462.14,1.31,1.08,0.85,59.43,3.34,0.05,26.06,1.29,93.39,0.0,0
146.04,3.13,2.0,0.66,40.86,20.22,0.77,32.02,2.47,91.16,0.6989,1
327.84,2.74,1.05,1.12,37.73,27.93,0.56,61.66,3.0,94.68,0.4886,1
255.45,1.25,2.01,0.15,25.01,78.09,0.78,64.69,2.08,90.84,0.5182,0
216.24,2.28,0.0,1.04,33.17,12.28,0.21,51.84,6.26,99.13,0.5218,1
366.5,4.68,2.95,0.17,35.36,19.98,0.8,42.44,2.1,88.91,0.4414,0
196.0,1.09,1.0,0.08,40.9,15.67,1.08,51.93,3.18,93.8,0.4702,1
90.06,3.29,0.0,0.32,45.37,2.35,0.39,26.82,4.91,96.87,0.6375,1
96.84,2.5,0.0,1.86,23.3,15.75,0.25,21.2,6.93,99.99,0.6488,1
418.22,0.63,0.0,2.75,28.97,7.56,0.48,49.28,6.26,94.59,0.2834,0
98.34,0.35,0.0,0.12,28.28,17.04,2.44,72.65,5.23,94.43,0.7221,1
108.13,1.33,0.99,1.21,32.58,4.23,0.84,44.49,6.6,88.87,0.7591,1
491.88,0.16,0.0,2.13,18.43,15.62,0.5,29.52,3.5,97.27,0.0145,0
229.0,3.06,1.0,0.18,56.48,37.82,0.99,44.83,4.9,93.32,0.4862,0
457.24,0.5,3.0,0.24,49.85,50.44,0.86,27.25,3.01,99.99,0.0,0
248.03,3.47,1.0,0.33,16.07,10.09,0.52,56.81,0.62,92.32,0.5849,1
201.82,0.37,1.94,0.17,30.41,5.58,0.54,72.36,0.88,93.27,0.5054,1
422.46,1.44,2.04,1.51,27.78,33.92,1.37,66.73,1.71,92.08,0.4126,0
113.53,2.78,0.96,4.38,34.63,95.98,0.54,56.17,0.5,98.42,0.8246,1
220.0,1.05,0.03,0.11,39.73,21.77,0.62,31.31,8.2,93.44,0.3881,0
398.88,1.44,1.0,0.64,29.8,10.43,0.08,52.14,3.13,88.98,0.2883,0
380.22,1.64,1.04,0.8,30.94,49.93,0.81,27.16,2.72,91.9,0.2523,0
489.16,1.37,0.0,0.13,31.5,7.56,0.59,45.52,4.71,92.41,0.0727,0
107.11,0.44,0.0,2.08,29.86,24.46,0.54,33.43,1.43,98.11,0.6682,1
155.14,0.61,1.99,0.72,32.05,9.39,0.94,39.53,0.56,99.99,0.583,0
300.45,1.58,1.09,0.15,8.0,20.62,0.05,51.36,9.33,93.51,0.4227,0
417.84,0.1,2.0,0.6,26.05,2.4,0.1,37.49,1.85,88.66,0.1548,0
92.51,0.93,0.0,0.04,37.87,37.16,0.56,52.73,5.85,90.78,0.6057,1
235.96,0.51,0.0,0.35,39.62,6.63,2.77,54.05,5.11,95.77,0.4851,1
485.06,1.61,0.97,0.59,48.18,11.17,0.26,26.13,2.98,92.82,0.0,0
120.35,0.17,1.96,1.64,50.23,10.28,0.25,62.6,2.38,97.21,0.5876,1
422.98,1.48,1.94,0.46,49.98,53.37,0.69,42.83,1.8,93.0,0.191,0
203.84,4.34,3.02,0.24,20.76,27.21,0.33,18.8,4.25,90.93,0.5458,1
327.92,0.26,1.01,0.59,28.65,13.71,1.2,39.15,0.5,91.71,0.3716,0
430.54,1.44,1.96,0.29,26.42,19.23,1.32,52.86,6.5,94.4,0.2451,0
219.42,2.21,1.01,0.69,37.56,37.73,1.02,19.34,1.28,95.33,0.4601,1
296.09,3.5,1.01,1.02,35.16,42.38,0.05,41.09,1.6,94.88,0.5638,1
261.67,0.1,0.0,1.13,28.59,0.28,0.77,31.13,2.38,92.12,0.4715,1
474.14,0.52,0.92,0.78,24.61,13.11,0.37,47.21,7.7,95.41,0.1121,1
204.67,1.67,1.05,0.34,29.77,3.48,0.43,64.19,5.06,89.65,0.5871,1
116.41,0.69,0.04,2.26,43.66,32.2,0.69,45.76,3.85,89.43,0.6609,0
306.0,1.37,0.0,1.03,20.97,32.6,0.27,35.91,3.04,89.17,0.4248,0
445.65,2.78,0.95,1.1,27.18,65.07,0.2,51.6,1.81,93.71,0.2801,0
420.6,2.49,5.94,0.53,43.46,31.75,1.76,51.11,2.61,98.08,0.2529,0
309.18,2.52,0.01,0.05,36.28,9.83,0.36,47.37,1.12,89.35,0.4444,0
133.97,0.93,2.05,0.22,53.65,27.57,2.51,73.85,5.61,91.88,0.6655,0
130.74,4.09,0.04,1.87,36.16,6.61,0.61,35.0,3.1,93.31,0.633,1
269.99,3.26,0.94,2.55,62.13,74.37,1.54,60.17,4.52,96.85,0.6024,1
273.32,0.82,0.01,1.07,32.33,0.35,0.62,65.97,2.31,90.47,0.5794,1
284.87,3.71,1.99,0.04,29.62,5.71,1.76,55.57,5.13,92.32,0.5713,1
393.51,1.87,0.0,0.32,32.76,12.84,0.33,47.57,1.7,96.94,0.2022,0
456.12,0.84,3.0,1.61,33.3,5.31,0.25,28.89,3.2,88.35,0.1802,0
396.15,1.95,0.99,1.22,24.89,29.83,0.29,25.19,0.5,90.61,0.2708,0
470.1,0.81,0.0,0.78,33.88,2.94,0.73,53.18,2.77,98.43,0.156,1
287.93,0.67,0.01,2.91,33.71,1.78,0.35,65.84,3.06,92.46,0.5232,1
289.82,6.04,1.04,0.38,33.51,51.35,0.09,34.74,3.09,93.78,0.569,1
478.25,1.23,0.0,0.78,34.43,53.41,0.44,29.53,4.05,91.01,0.0511,0
465.33,5.56,1.99,0.22,33.36,21.44,0.71,45.4,4.2,86.18,0.3779,0
476.6,0.55,1.0,0.09,33.88,12.36,0.42,55.2,2.26,99.61,0.0899,0
72.44,0.5,0.99,1.58,26.66,0.48,0.67,39.88,3.69,88.67,0.8086,1
369.97,5.26,0.03,0.11,24.09,26.13,0.81,33.05,11.0,99.98,0.389,0
93.19,0.26,0.97,1.71,38.84,49.76,1.22,52.56,2.77,92.14,0.6372,1
443.82,2.19,1.95,0.65,44.09,108.76,0.56,25.07,6.59,93.3,0.2074,0
128.47,2.41,3.01,1.89,19.0,18.48,1.36,45.91,1.85,93.2,0.7866,1
129.57,0.29,4.06,0.03,25.75,86.0,1.59,38.0,2.79,96.33,0.5805,1
206.85,1.21,1.1,1.33,33.69,3.14,1.36,22.98,3.75,99.05,0.5761,1
95.43,1.11,1.96,0.01,42.95,65.89,1.21,23.02,8.53,96.52,0.4613,1
473.46,0.71,1.04,1.43,44.22,4.8,0.53,61.57,1.06,92.77,0.1358,0
154.91,3.59,3.0,0.65,18.17,9.71,0.86,28.77,7.64,96.4,0.7357,1
295.63,3.98,2.99,0.12,38.52,38.15,0.21,22.69,0.71,91.42,0.4518,0
381.01,1.02,3.06,0.96,42.04,2.15,1.7,46.78,2.81,96.67,0.3435,0
443.69,3.06,0.99,0.02,28.09,26.3,0.35,46.6,7.27,98.7,0.2258,0
207.67,0.65,1.94,1.38,40.57,15.54,0.58,62.52,0.5,95.2,0.5167,1
409.54,5.6,2.93,0.29,25.89,51.3,0.67,31.5,0.74,91.16,0.3688,0
461.88,0.34,0.95,1.33,30.91,2.58,0.29,75.54,0.85,95.72,0.2205,0
309.98,1.85,0.0,0.44,40.16,0.94,2.91,43.48,0.5,98.02,0.4087,0
477.71,2.06,1.0,0.59,33.79,0.84,0.16,45.8,0.81,98.56,0.0356,0
349.88,0.39,1.96,1.81,25.34,3.63,0.33,25.11,4.61,91.74,0.3476,0
283.81,2.12,0.04,0.31,32.79,7.03,0.99,53.26,1.56,98.79,0.4211,0
278.45,1.22,0.02,0.93,51.16,32.18,0.22,56.0,1.55,98.66,0.4096,0
318.38,2.52,0.06,0.05,35.71,72.45,0.1,48.71,0.79,92.71,0.3341,0
472.57,0.66,0.0,1.12,55.4,21.36,0.39,51.31,8.73,94.94,0.0687,0
244.48,1.35,4.07,0.15,34.31,0.11,0.03,36.48,3.94,99.99,0.3744,0
341.46,2.2,2.01,0.25,22.25,62.6,0.84,53.61,3.57,99.11,0.4482,0
107.75,4.09,0.05,0.27,35.07,19.73,0.37,53.83,1.36,92.54,0.7385,1
319.92,1.16,1.06,0.21,21.71,27.27,1.3,52.73,1.38,92.61,0.4137,0
315.23,1.32,0.9,0.56,39.9,4.06,1.09,21.29,1.7,96.71,0.2982,0
53.72,1.12,1.95,0.77,37.23,14.55,0.59,38.15,2.64,96.83,0.6589,1
414.91,2.91,0.0,0.42,29.15,5.38,1.32,29.9,1.02,91.51,0.2975,0
421.6,1.65,1.92,3.11,35.6,12.22,1.89,57.38,7.4,94.2,0.4623,1
232.57,1.43,2.06,0.19,30.57,13.79,0.25,38.5,2.2,91.6,0.4389,0
100.03,0.34,4.99,3.7,40.19,0.25,1.23,72.15,5.29,90.01,0.8199,1
414.05,4.79,0.98,1.67,48.26,22.97,0.65,43.97,3.89,92.98,0.3537,1
262.78,0.25,1.99,0.03,23.53,48.8,0.35,40.28,2.51,86.16,0.4561,0
188.58,2.31,1.02,0.52,10.69,20.02,1.04,42.05,4.32,90.45,0.6935,0
91.58,0.84,0.0,1.12,20.74,23.12,1.55,62.69,1.86,92.47,0.8048,1
376.87,2.81,4.04,1.29,40.65,39.83,0.17,41.46,1.62,89.64,0.3042,1
399.25,0.72,0.96,0.84,36.3,54.24,0.61,44.52,3.3,97.39,0.181,0
272.39,2.94,2.02,0.93,37.97,38.23,0.36,68.19,3.3,96.41,0.61,1
237.54,3.77,1.08,2.1,34.71,19.36,1.28,42.97,7.1,97.21,0.5714,1
350.58,0.81,5.01,0.06,24.33,8.71,0.41,39.52,3.39,96.69,0.2824,1
157.68,0.21,4.04,0.62,31.81,38.24,0.76,39.64,0.5,94.29,0.5006,1
171.89,1.86,0.93,0.49,25.16,57.81,3.05,50.92,0.82,96.33,0.7069,1
106.31,1.12,0.06,0.65,41.85,8.44,0.06,48.01,3.34,99.58,0.5912,1
221.9,1.34,1.01,0.53,36.48,94.06,0.08,53.9,2.38,93.4,0.4476,0
256.61,5.7,0.0,3.85,37.6,5.36,0.77,31.97,0.5,91.01,0.751,0
263.04,2.77,1.98,0.3,25.58,35.09,0.88,58.53,10.54,90.43,0.6266,1
356.71,2.09,1.03,1.16,26.37,18.25,0.19,62.04,8.5,92.98,0.4869,1
145.64,0.1,1.04,0.46,27.07,22.74,1.15,39.52,2.12,99.24,0.5763,1
312.94,2.15,1.0,0.05,40.08,20.13,0.23,54.45,5.31,90.77,0.3921,1
292.93,0.1,3.0,1.79,28.28,24.57,1.35,29.14,3.19,91.03,0.3789,0
127.74,0.39,1.98,0.05,38.26,22.48,0.24,54.2,7.42,98.18,0.5464,0
442.66,0.53,0.02,1.17,45.15,10.84,0.09,33.72,4.41,94.14,0.1057,0
146.47,0.75,1.02,1.81,28.93,9.88,1.92,54.8,7.24,95.72,0.7073,1
322.07,2.34,0.0,0.61,39.95,19.04,0.5,43.49,1.36,96.77,0.361,0
420.98,1.58,1.0,1.75,37.33,1.78,0.78,50.63,7.67,93.11,0.1918,0
352.19,1.78,2.03,0.85,37.01,37.12,0.28,63.26,7.23,99.99,0.2782,0
60.81,0.85,3.09,0.93,40.1,40.8,0.67,41.17,1.82,92.69,0.6605,1
342.68,0.95,1.93,3.02,35.93,14.99,0.26,54.28,2.63,98.04,0.4235,0
310.93,1.48,0.0,1.68,57.18,12.06,0.26,57.0,1.97,92.37,0.3837,0
465.11,1.54,0.0,0.96,10.56,47.01,0.57,28.13,1.68,92.02,0.1863,0
442.22,3.74,2.96,0.96,37.88,11.68,0.8,34.06,0.67,90.63,0.2533,0
174.71,4.28,1.96,1.28,10.97,6.85,0.67,37.15,2.74,99.99,0.733,1
265.11,0.37,1.99,0.25,33.89,2.9,0.61,47.96,1.92,98.25,0.3323,0
445.45,3.13,0.91,1.37,21.81,13.54,1.02,45.73,0.66,99.18,0.311,0
81.16,2.62,1.05,0.25,46.55,29.56,1.69,26.91,2.59,92.32,0.6683,0
221.37,2.69,0.0,0.8,31.79,9.94,1.6,56.23,1.41,99.99,0.621,1
431.8,0.34,1.03,0.84,22.82,3.05,0.11,50.0,3.49,90.51,0.2252,0
141.43,4.54,1.08,0.21,36.08,27.4,0.94,39.07,4.1,96.13,0.6689,1
262.27,2.65,1.02,0.36,35.51,28.58,0.33,24.77,0.68,96.26,0.3907,0
138.92,0.77,2.07,0.57,28.21,3.31,0.99,56.63,4.06,94.5,0.6424,1
306.1,1.82,1.06,0.27,23.17,37.98,0.76,35.7,5.43,94.88,0.4367,0
85.96,3.39,0.03,2.29,42.85,97.34,0.12,41.25,8.39,92.79,0.773,1
294.76,1.03,0.96,1.29,35.39,13.33,1.29,59.61,4.15,87.98,0.5323,1
379.21,1.77,0.05,0.22,45.34,9.78,3.07,41.58,3.79,99.99,0.3113,0
236.37,3.0,0.0,1.44,43.97,32.0,0.44,31.43,3.72,95.0,0.5558,1
452.76,2.16,2.05,0.24,57.41,6.97,2.47,39.82,2.45,88.75,0.1497,0
310.59,5.09,0.94,2.98,20.28,14.57,0.25,52.44,2.58,96.62,0.6565,0
165.1,0.25,4.99,0.28,30.77,6.99,0.76,44.88,7.4,98.31,0.6066,1
347.59,4.59,2.05,1.16,41.92,10.3,0.44,46.22,6.27,95.33,0.3632,0
177.7,0.66,2.03,3.3,47.93,18.95,0.79,15.0,5.96,98.89,0.4951,1
172.42,0.91,3.07,1.83,35.17,16.23,0.4,49.79,2.38,99.99,0.5579,1
192.94,0.74,0.03,0.21,36.66,12.79,1.42,56.7,11.62,83.64,0.5623,1
81.3,0.19,2.16,1.28,41.62,35.08,0.73,38.46,5.27,94.8,0.5764,1
259.43,0.32,0.01,0.21,32.91,12.71,0.21,27.98,2.82,94.17,0.2406,0
473.67,3.8,0.02,0.16,44.79,35.07,0.53,70.63,1.36,92.06,0.2638,0
305.62,1.71,2.07,0.66,45.18,21.25,0.35,35.71,0.83,99.05,0.4428,0
497.13,0.89,0.05,4.82,47.26,20.49,0.99,75.69,1.51,95.2,0.3934,0
427.48,3.97,1.01,2.86,40.05,41.12,1.24,39.03,7.84,96.62,0.4224,0
239.8,3.11,0.05,0.06,29.21,16.78,0.51,52.64,1.1,90.57,0.5808,1
416.73,3.12,4.05,0.6,21.51,11.8,0.6,24.99,7.07,93.97,0.3785,0
482.73,9.64,0.04,2.04,40.73,24.77,0.21,47.71,1.32,92.81,0.523,1
411.28,4.72,0.98,1.38,43.48,43.65,1.6,35.79,5.29,99.99,0.3616,0
392.26,0.57,0.02,1.34,38.33,22.06,2.39,41.52,1.35,91.03,0.3518,0
109.53,0.66,0.97,0.01,19.87,42.67,0.42,55.1,13.95,92.25,0.6273,1
297.37,2.1,0.07,1.86,20.4,61.82,1.87,45.48,0.66,99.99,0.5524,1
90.17,0.7,0.04,1.06,49.66,1.03,1.35,63.49,0.93,90.24,0.7095,1
473.05,0.41,0.92,0.43,32.86,67.99,0.52,66.42,1.25,92.68,0.1718,0
244.95,0.32,4.01,0.61,42.66,13.6,1.34,51.24,4.7,92.71,0.412,0
179.29,0.53,1.94,0.38,21.6,24.44,0.81,34.68,3.69,94.43,0.5183,1
402.07,1.52,3.04,0.06,41.83,2.78,0.12,48.87,2.06,95.71,0.1961,0
99.22,2.47,2.04,0.12,34.83,25.68,0.62,49.89,2.23,92.22,0.6826,1
494.86,1.63,1.93,1.21,29.78,31.34,1.75,16.77,4.79,88.86,0.1668,1
184.18,0.94,3.07,1.62,14.16,11.68,1.0,16.08,1.85,96.07,0.613,0
87.37,0.61,1.93,0.51,27.76,7.27,3.08,49.96,1.08,97.12,0.7625,1
490.23,1.49,0.0,0.36,25.15,85.3,0.98,65.58,2.73,99.35,0.2018,0
151.53,0.66,0.0,0.35,32.27,20.24,1.12,66.27,4.23,94.52,0.6624,1
250.8,1.65,0.0,0.97,28.66,26.35,0.11,40.12,3.54,93.43,0.4894,1
346.29,0.6,3.1,0.33,32.91,16.36,0.71,53.98,2.62,98.0,0.302,0
362.87,2.03,0.0,0.16,41.3,1.0,0.1,46.01,1.44,94.28,0.2147,0
425.94,2.62,2.92,2.52,40.29,15.37,0.3,50.04,1.93,99.99,0.2978,0
327.08,3.83,1.97,0.45,46.32,32.21,0.55,17.24,0.9,95.15,0.2448,0
322.6,2.71,1.08,0.8,39.79,3.24,0.47,72.17,2.28,94.37,0.4395,0
209.57,2.31,0.92,0.31,36.83,55.88,0.56,79.15,5.75,92.97,0.6044,1
485.45,1.12,0.07,1.2,28.51,33.45,0.63,64.11,3.76,93.83,0.2218,0
233.77,1.8,2.98,0.03,44.59,0.32,0.68,55.49,0.5,94.54,0.4947,0
341.97,2.84,0.99,0.02,35.02,13.63,0.11,47.99,2.96,91.96,0.3416,0
249.75,3.51,1.97,0.53,45.48,57.12,1.22,45.45,0.5,94.93,0.5103,1
442.82,1.36,1.05,0.63,46.37,39.05,1.45,22.17,1.0,94.24,0.1227,0
232.5,1.02,0.0,1.02,42.68,42.31,0.56,51.4,4.28,99.17,0.5241,1
450.18,0.17,1.0,0.29,32.04,13.04,0.11,61.94,6.86,88.65,0.214,1
334.21,0.1,2.0,0.33,40.03,30.95,1.94,48.24,1.69,96.66,0.2912,0
253.79,0.38,0.92,0.18,29.43,6.94,1.01,46.81,1.58,92.77,0.4711,1
351.95,3.93,2.05,0.44,24.83,77.76,0.33,43.64,6.92,86.52,0.4798,1
245.73,0.35,0.0,0.63,8.0,7.68,0.52,45.65,6.55,86.93,0.4806,1
91.43,0.1,0.03,0.56,37.38,31.92,0.5,53.4,7.44,88.79,0.6197,1
134.82,0.29,2.01,0.1,36.06,2.56,0.3,34.74,6.36,96.56,0.4814,1
456.78,1.83,1.03,0.57,52.0,24.8,0.2,34.05,3.67,96.71,0.0449,0
430.5,1.57,0.0,0.61,25.27,27.64,0.07,64.46,4.46,99.58,0.2522,0
70.21,3.68,0.0,1.67,25.32,11.2,3.15,46.36,1.88,93.23,1.0,1
124.77,1.2,0.98,1.59,29.32,18.13,0.77,36.36,0.5,90.21,0.6786,1
460.36,0.57,0.04,0.25,43.96,0.93,0.34,39.27,3.66,89.51,0.0391,0
245.73,2.79,0.07,1.15,36.87,4.41,0.43,56.71,3.11,99.18,0.486,1
253.58,6.0,1.0,0.83,40.11,4.02,2.27,70.8,0.55,91.65,0.7814,1
444.55,0.87,0.98,0.78,28.43,13.74,0.37,80.05,2.6,94.84,0.2596,0
366.98,2.34,1.96,0.95,28.45,12.11,0.05,25.7,3.42,94.8,0.2639,0
64.24,1.33,0.02,0.74,33.97,21.13,1.37,24.47,3.0,91.98,0.652,0
115.16,2.19,0.91,0.09,23.3,21.22,0.02,18.13,4.1,89.73,0.5603,1
370.88,1.73,3.07,1.41,33.89,19.02,0.7,38.14,6.98,91.81,0.3331,0
318.49,1.36,1.04,0.73,44.5,8.1,1.71,74.23,4.12,89.22,0.4512,0
448.43,4.64,0.0,0.29,26.2,27.32,1.36,44.84,4.9,90.02,0.359,0
141.81,2.28,2.98,1.05,27.95,9.98,0.13,29.48,2.18,97.81,0.5921,1
486.68,0.21,0.94,1.06,40.58,17.07,0.22,24.58,6.33,96.06,0.0568,0
381.68,2.18,2.02,1.56,21.81,27.14,0.31,63.28,0.68,89.58,0.4112,0
480.8,2.58,1.0,3.52,38.31,39.25,0.84,52.82,1.22,91.77,0.31,0
233.14,0.68,0.97,0.8,41.55,14.45,2.57,36.44,2.06,86.65,0.5198,1
94.13,1.24,2.03,1.16,19.88,2.21,1.86,52.75,4.4,96.52,0.7492,1
350.38,2.65,0.0,2.25,42.0,3.36,2.53,59.2,3.18,98.33,0.4831,1
487.13,3.22,2.02,0.4,57.13,23.14,0.02,59.48,1.37,99.99,0.1281,0
242.09,2.59,2.04,0.35,52.47,30.18,0.19,63.09,5.7,88.23,0.4997,1
290.33,2.95,0.0,1.43,28.24,14.55,1.39,31.2,3.3,91.22,0.5236,1
177.43,4.24,0.97,1.0,48.2,2.52,1.53,54.52,2.39,87.4,0.6577,1
345.98,1.66,2.92,2.82,37.29,27.44,0.47,30.55,0.68,96.49,0.3744,0
145.4,1.49,1.01,0.19,21.9,94.65,1.06,23.13,2.54,90.39,0.6534,1
441.42,0.23,4.05,0.11,54.92,2.87,0.65,30.27,2.77,90.31,0.0,0
237.66,1.09,0.09,0.81,29.12,21.72,0.42,33.09,5.36,99.99,0.3996,0
467.54,2.25,0.0,1.08,29.02,6.1,1.13,60.56,3.93,94.45,0.2714,1
466.81,0.42,0.03,0.55,44.33,14.14,0.64,67.8,3.35,94.52,0.1043,0
478.15,3.4,0.99,1.21,23.68,7.31,0.12,33.65,1.77,93.18,0.2577,0
332.0,0.1,0.02,0.47,28.54,23.15,1.66,52.39,10.98,92.75,0.4133,0
480.45,1.45,2.04,3.05,33.91,63.97,1.02,41.87,2.9,95.53,0.2275,0
221.98,1.71,2.08,1.16,43.25,20.91,1.66,37.69,6.83,94.81,0.5327,1
159.92,0.82,0.94,0.31,21.12,28.63,0.31,35.22,2.34,92.87,0.5454,1
496.79,7.65,1.01,0.74,32.57,18.93,1.77,40.49,5.69,93.63,0.4133,0
70.02,1.25,3.01,2.09,25.17,9.66,0.49,40.87,0.87,88.85,0.6978,1
133.86,1.29,0.94,1.41,30.95,7.68,1.51,58.51,1.55,98.82,0.6515,1
341.55,1.1,0.0,3.85,44.42,71.31,0.11,60.96,2.69,96.05,0.4413,1
323.98,0.51,3.02,0.41,28.69,6.61,2.55,50.98,3.84,96.7,0.5047,1
219.54,1.45,1.02,2.03,28.53,84.22,0.54,55.92,3.97,99.99,0.5485,1
329.55,0.49,0.0,0.51,31.88,3.99,2.52,47.37,4.64,92.9,0.3586,0
463.05,2.22,2.04,0.08,47.88,41.9,0.11,35.9,2.61,89.24,0.0206,0
306.01,0.21,2.04,0.53,52.75,60.99,0.4,60.98,3.67,93.01,0.313,0
452.13,0.32,1.07,0.42,21.17,1.14,1.14,58.67,1.42,96.48,0.2473,0
145.31,2.89,0.0,0.13,38.6,12.58,0.69,40.77,0.59,93.39,0.5832,1
223.77,2.39,0.0,0.68,32.2,29.87,1.43,44.88,0.92,96.71,0.4974,1
145.84,1.02,1.06,0.2,21.36,69.57,0.77,46.22,8.16,93.06,0.5891,1
114.45,0.46,0.96,0.08,49.11,22.42,0.49,17.06,2.52,99.99,0.4358,0
438.19,4.56,3.01,3.04,36.59,11.0,1.49,19.61,5.96,92.93,0.4759,0
216.65,2.62,1.02,1.26,39.06,17.96,0.3,38.63,4.79,96.95,0.4382,0
426.94,1.0,1.01,0.12,25.1,17.13,0.17,48.94,0.5,89.17,0.2733,0
437.85,1.94,0.0,3.6,34.44,31.65,0.57,33.38,0.78,91.8,0.287,0
427.58,1.37,3.01,1.64,21.29,17.85,1.91,47.78,3.49,96.68,0.3377,0
390.52,3.19,0.0,0.65,27.11,18.57,0.51,58.91,9.9,94.71,0.3712,0
310.44,1.03,0.08,1.26,43.14,5.54,1.29,26.05,7.83,94.81,0.3066,0
458.47,1.44,0.97,0.15,36.39,15.53,2.22,54.95,5.5,89.91,0.2849,0
499.12,1.05,1.04,0.07,23.98,24.84,0.07,53.93,6.35,94.99,0.1133,0
431.61,4.67,0.0,1.89,27.54,1.4,0.64,43.33,5.52,97.56,0.3677,0
156.05,4.11,2.12,3.99,36.79,40.35,2.17,34.52,1.79,99.99,0.8908,1
488.29,2.44,1.01,1.19,34.51,0.18,0.38,41.51,7.66,92.37,0.1789,0
417.71,1.02,4.04,0.2,37.36,22.34,5.0,81.36,2.87,91.15,0.5311,1
309.61,1.78,1.95,2.74,34.44,10.28,0.54,50.22,0.84,89.72,0.4284,0
454.16,1.19,0.95,0.05,34.66,3.55,0.87,58.17,2.05,93.92,0.1696,0
56.35,1.89,2.0,0.69,42.6,51.14,0.44,58.26,4.03,97.56,0.7403,1
460.49,0.88,0.0,1.98,15.23,13.38,0.07,51.23,3.64,91.99,0.2465,0
98.49,1.42,2.02,0.73,24.66,59.47,0.23,43.46,2.27,98.46,0.605,0
475.95,6.04,2.02,0.69,31.12,1.0,1.31,61.16,7.5,91.4,0.3538,0
250.83,1.13,2.07,0.2,49.34,2.68,0.24,52.53,8.55,90.69,0.4024,0
407.96,0.33,2.05,1.17,45.63,3.37,0.85,58.44,0.5,99.99,0.1362,0
220.31,1.28,0.01,1.42,49.93,14.09,0.18,17.14,2.93,93.8,0.4455,0
362.6,3.97,0.93,0.62,22.16,12.68,0.3,30.2,8.01,86.95,0.4949,1
245.16,1.56,0.98,1.29,61.66,27.95,0.49,26.55,3.16,91.31,0.3962,0
140.34,3.06,1.92,0.22,34.9,5.82,1.09,26.88,3.49,98.55,0.592,1
192.12,0.99,0.0,0.31,46.55,57.05,0.16,50.01,6.78,90.33,0.5022,1
60.9,1.2,0.0,0.58,34.3,3.4,0.11,36.78,5.18,90.18,0.653,1
428.1,0.26,1.95,0.02,28.68,6.65,2.39,60.42,3.55,96.52,0.3021,0
307.37,0.59,1.0,0.48,42.01,13.47,0.22,34.96,7.96,83.45,0.2992,1
409.35,2.04,0.97,0.93,11.35,11.97,0.47,35.07,3.08,94.65,0.3259,0
287.27,0.87,0.92,0.01,27.67,40.97,0.66,38.75,0.5,87.49,0.3964,0
425.35,0.61,2.08,1.03,40.9,60.01,0.48,59.56,3.78,96.91,0.1465,0
331.06,0.33,2.08,0.29,34.35,5.53,1.0,43.89,1.84,94.59,0.2884,0
205.09,0.56,2.06,1.84,16.98,3.71,0.25,22.39,3.06,97.04,0.5066,1
57.18,0.25,0.06,0.49,37.11,27.37,0.4,40.15,2.28,94.19,0.6416,1
168.1,3.48,1.98,0.08,41.73,0.76,0.59,46.45,3.5,91.78,0.5256,0
112.58,0.78,0.0,0.82,41.66,20.04,0.61,34.7,2.84,91.17,0.6431,1
111.66,2.49,2.08,0.21,37.49,46.54,1.53,46.44,3.02,87.82,0.6993,1
320.83,2.71,0.01,0.92,48.05,16.83,0.5,62.98,2.6,91.52,0.4078,0
391.52,0.43,1.91,0.97,33.69,36.27,0.8,57.94,1.66,94.58,0.3146,0
107.34,2.54,2.03,0.98,42.24,31.24,0.88,63.82,2.04,86.37,0.8407,1
364.9,2.94,0.89,0.44,44.1,41.81,0.7,60.62,10.44,99.92,0.306,0
188.19,1.72,4.04,1.16,40.88,25.87,0.17,37.48,2.45,96.56,0.4687,1
168.94,0.17,1.99,0.94,41.24,6.57,0.86,40.13,4.25,88.37,0.516,0
342.52,2.44,3.94,0.78,34.28,9.79,0.77,39.89,2.88,91.98,0.3336,0
170.23,0.52,0.02,1.25,25.22,10.05,1.31,33.52,2.17,96.86,0.5768,1
464.01,0.73,1.05,0.46,14.36,0.1,2.55,55.06,4.61,96.33,0.3042,0
363.05,0.95,0.9,0.76,36.88,19.57,0.66,35.26,4.47,94.97,0.2088,0
299.38,5.68,1.95,1.08,33.32,11.81,0.2,41.02,2.28,93.51,0.5009,1
57.63,1.28,1.07,0.26,11.83,16.03,1.52,33.88,5.02,90.27,0.8696,1
358.88,0.86,1.92,1.44,37.08,23.5,0.55,56.96,1.58,99.44,0.3295,0
252.49,2.7,0.0,0.2,37.4,35.26,0.66,49.33,3.77,97.31,0.4688,1
98.11,0.46,1.03,1.18,37.06,4.06,1.48,32.79,3.06,94.11,0.6455,1
213.53,0.25,0.0,0.14,27.52,33.57,0.82,45.84,1.86,95.7,0.5085,1
194.18,0.59,4.03,2.23,35.15,5.72,0.94,53.89,4.42,92.73,0.6178,1
427.31,3.35,0.97,3.01,37.87,48.54,1.35,46.04,1.02,98.8,0.3988,1
363.92,1.44,0.96,1.15,35.49,43.8,0.05,35.3,2.0,89.67,0.2443,0
151.29,1.57,1.05,0.91,31.82,42.44,0.88,27.02,3.49,94.64,0.5446,1
381.43,2.23,0.0,0.29,28.99,16.27,0.2,22.54,2.58,99.04,0.2152,0
143.6,4.08,2.01,0.51,38.22,4.08,0.36,25.83,1.24,92.03,0.5784,1
423.58,1.87,0.0,1.57,8.66,32.88,0.25,38.37,6.09,91.87,0.3431,0
414.57,5.3,0.0,0.8,25.82,20.59,0.31,53.1,0.5,89.19,0.4558,0
293.71,3.39,0.0,0.14,45.81,17.67,0.15,39.61,2.75,95.66,0.3109,0
377.98,1.09,0.93,1.81,26.54,7.02,0.62,37.02,1.89,99.99,0.2741,0
487.82,3.05,1.01,0.28,34.61,21.48,0.08,46.33,5.83,94.83,0.1339,0
51.73,1.95,0.01,1.04,56.93,29.53,0.63,36.33,2.64,91.73,0.6753,1
465.03,1.22,0.97,0.56,46.89,4.0,0.88,48.2,2.5,99.99,0.0446,0
399.16,2.46,0.99,1.05,27.58,28.39,0.67,32.74,1.56,92.61,0.3168,0
277.65,1.28,0.96,1.0,26.32,18.2,0.07,35.75,2.43,98.83,0.4389,0
454.73,0.69,2.01,1.23,40.3,1.03,0.35,63.56,0.66,90.31,0.2193,0
295.58,1.2,0.02,1.99,47.71,13.82,1.39,44.54,1.28,94.11,0.4869,1
420.25,3.51,1.95,0.82,31.98,32.43,0.28,35.16,12.73,94.22,0.2587,0
197.7,5.07,1.01,0.03,40.27,4.27,0.65,73.13,3.14,95.35,0.68,1
220.91,1.01,1.01,0.91,38.06,12.14,0.51,52.67,9.02,95.85,0.4781,1
432.19,1.49,0.0,0.14,49.92,2.68,0.68,37.6,3.72,93.8,0.1382,0
115.06,2.04,2.98,0.3,37.96,8.86,0.57,31.47,5.13,99.35,0.5011,0
233.57,0.36,1.09,0.56,28.64,4.63,1.18,45.13,1.36,99.25,0.4233,1
397.68,0.66,0.98,0.28,16.37,12.44,1.03,58.39,0.5,86.25,0.3988,0
85.74,3.41,0.0,0.87,28.53,29.28,0.86,42.36,6.32,91.31,0.86,1
334.57,0.47,0.98,3.02,25.02,6.0,0.34,44.48,2.97,89.06,0.4599,0
78.8,0.46,1.99,0.98,15.37,42.46,1.61,37.71,0.5,98.59,0.7493,1
450.21,1.41,0.02,0.15,24.87,27.3,0.13,36.05,1.3,87.44,0.1175,0
263.71,3.07,2.03,2.23,14.32,6.59,1.82,23.9,5.44,86.99,0.6552,1
344.72,0.46,1.99,1.49,41.61,34.01,0.82,49.08,1.26,89.96,0.3553,0
117.11,0.91,0.0,3.5,50.2,1.09,2.48,34.33,4.38,94.87,0.6635,1
259.84,0.86,1.0,1.34,32.41,8.96,1.09,32.87,4.64,86.25,0.4743,1
208.73,1.7,0.03,3.98,16.38,78.29,1.17,74.67,1.61,91.75,0.8072,1
352.61,4.15,5.03,0.95,43.02,13.38,0.74,15.0,2.02,96.94,0.3018,0
497.86,0.3,0.97,1.03,21.67,78.43,3.77,57.4,5.73,99.99,0.321,0
287.96,2.28,1.02,1.73,43.47,11.38,1.01,51.38,6.87,94.67,0.5322,0
365.37,1.21,3.02,2.09,34.0,12.8,1.06,41.1,3.96,91.09,0.4127,0
71.8,0.61,1.98,1.99,41.06,38.83,0.58,49.92,6.07,88.03,0.799,1
358.1,3.51,4.05,0.15,26.77,11.62,0.09,55.0,4.76,87.97,0.5043,1
337.86,1.45,1.0,1.55,32.91,14.05,0.86,40.3,0.75,98.64,0.3526,0
358.35,1.68,0.03,1.29,30.16,39.57,2.36,30.03,3.66,91.44,0.4364,0
399.26,1.76,0.01,1.39,53.16,0.63,0.62,45.31,4.91,85.16,0.2944,0
283.69,0.42,0.0,1.65,22.85,61.85,0.74,31.42,6.69,94.71,0.4685,1
409.98,0.47,2.03,0.24,36.61,12.75,0.63,26.76,1.45,94.4,0.0871,0
417.12,3.57,0.01,2.7,45.81,5.66,0.4,46.7,3.24,92.44,0.409,1
225.71,1.4,0.99,0.34,35.06,49.12,0.87,53.92,3.22,94.53,0.5048,1
204.77,2.98,1.02,1.59,28.57,11.77,0.76,40.06,2.02,91.1,0.6702,1
222.5,0.78,2.1,0.12,30.14,0.61,1.19,60.32,2.0,91.06,0.5471,1
361.96,0.97,1.09,0.06,29.83,14.14,0.29,29.21,2.57,90.16,0.2293,0
303.35,1.14,0.03,2.55,34.48,21.92,0.76,49.64,1.45,98.16,0.4861,1
